{"courseType":"v2.ondemand","description":"El estudio de mercado nos ayuda a identificar y definir oportunidades y problemas de mercado, para generar y evaluar estrategias de promoción y venta de los productos y/o servicios de tu empresa o idea de negocio, y a su vez mejorar la relación que existe entre la empresa y sus clientes, consumidores, proveedores, etc.\n\nEn este curso conoceremos las herramientas que se utilizan en la mercadotecnia para la venta y promoción de un producto y/o servicio, así como algunos métodos para la determinación de su precio y las características con las que contará dicho producto.","id":"dbg14I1oEeWbIxKn7M-nSQ","slug":"mercado-investigacion","instructorIds":["16246494"],"specializations":[],"partnerIds":["58"],"name":"Introducción al Mercado"}