{"courseType":"v2.ondemand","description":"Nach einem ersten Überblick über die Geschichte von ML erfahren Sie in diesem Kurs, weshalb heute mithilfe neuronaler Netzwerke viele Probleme so erfolgreich gelöst werden können. Wir erklären anschließend, wie Sie überwachtes Lernen zur Problemlösung einrichten und mithilfe des Gradientenverfahrens gute Ergebnisse erzielen. Dazu sind Datasets erforderlich, mit denen die Generalisierung möglich ist. In diesem Kurs zeigen wir Ihnen, wie Sie Datasets auf wiederholbare Weise erstellen, um Experimente zu ermöglichen.\n\nKursziele:\nErkennen, warum Deep Learning derzeit beliebt ist\nModelle anhand von Verlustfunktionen und Leistungsmesswerten optimieren und auswerten\nHäufige Probleme rund um maschinelles Lernen minimieren\nWiederholbare und skalierbare Datasets zum Trainieren, Auswerten und Testen erstellen","id":"rASUBG_yEei3VA5XIGna9A","slug":"launching-machine-learning-de","instructorIds":["22997770"],"specializations":[],"partnerIds":["443"],"name":"Launching into Machine Learning auf Deutsch"}