{"courseType":"v2.ondemand","description":"Have you come across large piles of garbage in neighbourhoods and streets and smelly waste disposal sites polluting the environment of low- and middle-income countries? Do you want to know what kind of sustainable solutions are appropriate to better manage waste and enhance recycling and recovery? If yes, this course is for you! \n\nThis course provides you with an overview of the municipal solid waste management situation in low- and middle-income countries. It covers key elements of the waste management system, such as its technical, environmental, social, financial and institutional aspects. Besides understanding the challenges, you will be introduced to appropriate and already applied solutions through selected case studies.","id":"gpAI9GK4EeWFkQ7sUCFGVQ","slug":"solid-waste-management","instructorIds":["2387594","7293234","16974677"],"specializations":[],"partnerIds":["16"],"name":"Municipal Solid Waste Management in Developing Countries"}