{"courseType":"v2.ondemand","description":"人文學，其特色在於「慢熱」，需要耐心細嚐、咀嚼古聖先賢的智慧結晶與其文字背後所隱含的真正意義。史記系列課程將透過對《史記》一書的導讀，引領同學們探究史學之「真」與「善」。 \n\n不管你是對中華文化感興趣者、想更深入了解傳統史學者、喜歡論理分析者、或是久仰太史公司馬遷之名之愛好者，這門課一定會讓你收穫良多。因為《史記》不僅記載了無數精彩非凡的歷史人事，更貫串了在它之前的多數古代典籍，可說是集中國上古文明精粹於一書。更重要的是，這門課程中將引導大家如何讀《史記》，進而學會如何讀中國史書、如何讀中國書。\n\n這是一場史學的思辨之旅，希望各位同學千萬不要錯過！ ","id":"YGjPHOZYEeWGngqV7V698w","slug":"shiji","instructorIds":["2644105"],"specializations":[],"partnerIds":["75"],"name":"史記 (Shi Ji)"}