{"courseType":"v2.ondemand","description":"This course is for you if you are interested in transitioning toward a managerial role in cybersecurity and mobility. Through interviews with industry experts in this area, you will be able to analyze innovations powering the rapid spread of information technology and how they present new challenges for protecting data. For example, mobile devices increase convenience but often bypass traditional security measures. After this course, you will be able to describe how the nature of the threat evolves, as culprits employ a burgeoning set of sophisticated tools to take advantage of our growing reliance on networks for critical-data exchange.\n\nIf you want to pursue a career in the public sector, the stakes are high as well. The proliferation of hackers, inevitable human errors, bring-your-own-device (BYOD) initiatives, and the ever-broadening need to share information weigh heavily on government and education organizations, and consume substantial resources. The Pentagon, for example, has proposed to spend $23 billion on network security initiatives through 2018. This sounds like a large sum, until you consider the scope and importance of the U.S. government information resources this investment must protect.\n\nAfter completing the course modules you will be able to explain how yesterday’s prevention strategies are no longer adequate for stopping advanced, targeted attacks. Effective cybersecurity must be multi-dimensional and tiered, as threats can originate from virtually anywhere, target numerous levels of an organization, and sometimes persist for months or years before an information security staff is aware of an attack or breach. Therefore securing networks requires a holistic approach that incorporates several elements.","id":"BuO0neR5EeWYOBIRup69HQ","slug":"cybersecurity-mobility","instructorIds":["5543700"],"specializations":[],"partnerIds":["123"],"name":"Cybersecurity and Mobility"}