{"courseType":"v2.ondemand","description":"Курс является одной из первых попыток дать системный анализ развития промышленности, научного и инженерного образования, прикладных исследований с использованием одновременно историко-научного материала, современных сравнительно-экономических данных, системного анализа истории технологий. Системный исторический анализ проводится с целью найти решения для сегодняшнего дня. Автор является одновременно специалистом в истории науки и технологий и действующим руководителем современного научно-производственного предприятия в области новейших производственных технологий. \nПрограмма курса состоит из 5 недель. В течение первой недели речь пойдет об  инженерном образовании в России, истории его появления и перспективах. На второй неделе мы поговорим о так называемых \"Технологических эпохах\" в мировой и Российской истории, и увидим, в каком пространстве создаются и развиваются новые технологии. В третьей и четвертой неделях вы узнаете о важной связи гуманитарного и технического образования, о \"Великих эпохах\" русской науки, а также о том, как  взаимодействуют наука и технологии.После краткого экскурса в историю, вам предстоит подумать и понять,что же нас ожидает в будущем, и каким образом действовать сейчас, чтобы в новом научно-технологическом укладе Россия оказалась в числе лидеров.","id":"UQ4TMNBPEeeMnQqxz228cg","slug":"promyshlennost","instructorIds":["30509811"],"specializations":[],"partnerIds":["176"],"name":"Промышленность, инженерное образование и наука: история и перспективы"}