{"courseType":"v2.ondemand","description":"El Marketing Digital ha revolucionado la forma de hacer negocios, y ninguna corporación, empresa, emprendedor o profesional puede desconocer su importancia vital para lograr el éxito.\nEste curso proporciona al alumno el dominio de los criterios estratégicos, técnicas y herramientas propias de la disciplina.\nObjetivos:\n- Comprender el ecosistema completo del Marketing Digital\n- Desarrollar las mejores estrategias para conseguir los objetivos\n- Identificar las principales herramientas para ejecutar las acciones que contemplan éstas estrategias\n- Aprender a monitorear o controlar para tomar acciones correctivas","id":"LEKyOA4REeaX4g6xdats6w","slug":"marketing-digital-pilares","instructorIds":["22139224","22139241"],"specializations":[],"partnerIds":["350"],"name":"Pilares de Marketing Digital"}