{"courseType":"v2.ondemand","description":"¡Hola! ¿Como Estas? In this entry level course, you will take the first step toward exploring the foundations of Spanish grammar and pronunciation, and will begin to build a working vocabulary of common Spanish words and expressions. You will be able to talk about yourself, your family and friends in the present tense, and begin to explore the cultural context of the Spanish-speaking world through a series of videos and interactive activities, including speaking, reading and writing exercises. The adventure begins here, so ¡vámanos!","id":"GxvylYQ4EealyAq9mBiU-w","slug":"spanish-vocabulary-meeting-people","instructorIds":["17480525"],"specializations":[],"partnerIds":["83"],"name":"Spanish Vocabulary: Meeting People"}