{"courseType":"v2.ondemand","description":"The course focuses on:\n• the formation of an adequate representation about the diversity of contemporary Psychodiagnostics and Assessment methods;\n• deep learning of the current world ethical standards of psychological diagnostics and assessment activity;\n• technology of test reliability determination that obtained by different Psychodiagnostics methods;\n• studying of classical and contemporary intellect diagnostic approaches, Psychodiagnostics of personality characteristics, talent potential and achievements potential of the person.\n\nThe course will make it easy:\n1. To master the technology of getting “informed consent” with a client about Psychodiagnostics and assessment procedure.\n2. To assess the compliance of the proposed Psychodiagnostics programs with the final testing objectives.\n3. To understand the variety of ways to assess different characteristics of a person.\n4. To understand the possibilities of Psychodiagnostics of this or that characteristic of a person with  use of various diagnostic techniques.\n5. To be able to determine the level of reliability of the received diagnostic data.\n\nThe course consists of 5 modules. Every module’s broken into 4-6 topics with some tasks and additional literature.","id":"MpbXP5H1EeaNrQrkg4diMQ","slug":"psychodiagnostics","instructorIds":["17556317"],"specializations":[],"partnerIds":["276"],"name":"Psychodiagnostics and Psychological Assessment"}