{"courseType":"v2.ondemand","description":"This is the second course in the Learn English: Advanced Grammar and Punctuation specialty. In this course, you will learn about a lot of different ways to join ideas to make more complex and interesting sentences. You'll learn about two types of conjunctions, many other types of connectives, and adverb clauses. You'll also learn about how to punctuate all of these expressions and the types of sentences they create. All of this is grammar you must know to have a high fluency in English.\n\nPlease note that the free version of this class gives you access to all of the instructional videos and handouts. The peer feedback and quizzes are only available in the paid version.","id":"nGCOUS22EeamRw4FTpNrUQ","slug":"conjunctions-connectives-adverb-clauses","instructorIds":["13484864","3259066","13960609"],"specializations":[],"partnerIds":["30"],"name":"Conjunctions, Connectives, and Adverb Clauses"}