{"courseType":"v2.ondemand","description":"Imagine if there were an organ in your body that weighed as much as your brain, that affected your health, your weight, and even your behavior. Wouldn’t you want to know more about it? There is such an organ — the collection of microbes in and on your body, your human microbiome.","id":"93w6xNzBEeSvjyIAC3jXcg","slug":"microbiome","instructorIds":["7491005","7956673","8049296"],"specializations":[],"partnerIds":["71","53"],"name":"Gut Check: Exploring Your Microbiome"}