{"courseType":"v2.ondemand","description":"Основная цель этого курса — научить идиомам языка C++, то есть показать, как с помощью различных возможностей языка создавать элегантные, эффективные и надёжные блоки кода. В совокупности со знаниями, полученными на «Красном поясе», это позволит вам создавать не только быстрые и легко поддерживаемые программы. \n\nКроме того, будут освещены темы, которые не поместились в объём предыдущих курсов: пространства имён и эффективное использование ассоциативных контейнеров.","id":"0jkatqloEeecJQoI0GzQzg","slug":"c-plus-plus-brown","instructorIds":["24961925","20871608","224484","4194517","37406246"],"specializations":[],"partnerIds":["176","468"],"name":"Основы разработки на С++: коричневый пояс"}