{"courseType":"v2.ondemand","description":"Ce cours vous introduit à la physique subatomique, c'est à dire à la physique du noyau et à celle des particules élémentaires. \n\nPlus spécifiquement les questions adressées sont les suivantes :\n- Quels sont les concepts de la physique des particules et comment sont-ils implémentés?\n- Quelles sont les propriétés du noyau atomique et comment peut on les utiliser?\n- Comment accélérer et détecter des particules et mesurer leurs propriétés?\n- Qu’est-ce qu’on apprend à partir des réactions de particules à haute énergie et leurs désintégrations?\n- Comment fonctionnent les interactions électromagnétiques et comment peut-on les mettre à contribution?\n- Comment fonctionnent les interactions fortes et pourquoi sont-elles difficiles à comprendre?\n- Comment fonctionnent les interactions faibles et pourquoi sont-elles spéciales?\n- Quelle est la masse des objets au niveau subatomique, et comment y intervient le Higgs?\n- Que peut-on apprendre de la physique des particules concernant l’astrophysique et l’Univers tout entier?\n\nLe cours est structuré en sept modules. Suivant le premier module qui introduit notre sujet, les modules 2 (Physique nucléaire) et 3 (Accélérateurs et détecteurs) dépendent peu du reste du cours et peuvent être étudiés séparément. Les modules 4 à 7 approfondissent les notions de la matière et des forces élémentaires.","id":"osHxZ4IDEeWk1xIKj2p3VQ","slug":"physique-particules","instructorIds":["10443507","11574748"],"specializations":[],"partnerIds":["49"],"name":"Physique des particules - une introduction"}