{"courseType":"v2.ondemand","description":"本課程第二部分著重在和人工智慧密不可分的機器學習。課程內容包含了機器學習基礎理論（包含 1990 年代發展的VC理論）、分類器（包含決策樹及支援向量機）、神經網路（包含深度學習）及增強式學習（包含深度增強式學習。\n        此部份技術包含最早追溯至 1950 年代直到最近 2016 年附近的最新發展。此課程從基礎理論開始，簡介了各機器學習主流技法以及從淺層學習架構演變到最近深度架構的轉換。\n\n本課程之核心目標為：\n（一）使同學對人工智慧相關的機器學習技術有基礎概念\n（二）同學能夠理解機器學習基礎理論、分類器、神經網路、增強式學習\n（三）同學能將相關技術應用到自己的問題上\n\n修課前，基礎背景知識：\n需要的先備知識：計算機概論\n建議的先備知識：資料結構與演算法","id":"_HYzDzDHEeiWTQ4fi9qqFg","slug":"ai2","instructorIds":["8180013"],"specializations":[],"partnerIds":["75"],"name":"人工智慧：機器學習與理論基礎 (Artificial Intelligence - Learning & Theory)"}