{"courseType":"v2.ondemand","description":"This course is intended to be an introduction to machine learning for non-technical business professionals. There is a lot of hype around machine learning and many people are concerned that in order to use machine learning in business, you need to have a technical background. For reasons that are covered in this course, that's not the case. In actuality, your knowledge of your business is far more important than your ability to build an ML model from scratch.\n\nBy the end of this course, you will have learned how to:\n• Formulate machine learning solutions to real-world problems\n• Identify whether the data you have is sufficient for ML\n• Carry a project through various ML phases including training, evaluation, and deployment\n• Perform AI responsibly and avoid reinforcing existing bias\n• Discover ML use cases\n• Be successful at ML\n\nYou'll need a desktop web browser to run this course's interactive labs via Qwiklabs and Google Cloud Platform.\n\n>>> By enrolling in this course you agree to the Qwiklabs Terms of Service as set out in the FAQ and located at: https://qwiklabs.com/terms_of_service <<<","id":"oevpufy2Eeio4BIihiZW_g","slug":"machine-learning-business-professionals","instructorIds":["22997770"],"specializations":[],"partnerIds":["443"],"name":"Machine Learning for Business Professionals"}