{"courseType":"v2.capstone","description":"El Proyecto Final de Conocimiento Aplicado de Wharton te permite aplicar tus habilidades analíticas a retos de negocios reales, incluyendo el tuyo. Usarás esas habilidades empresariales recientemente adquiridas, para evaluar de manera reflexiva una oportunidad o situación real de compañías dirigidas por Wharton como Televisa.También podrás preparar un análisis estratégico y plantear una solución a un reto al que se enfrente tu propia compañía u organización. Personal cualificado de Wharton evaluará los mejores trabajos, y equipos de dirección de Televisa revisarán los proyectos que obtengan mejor puntuación.","id":"k1EoDdm3EeWpMxLJs6PspQ","slug":"wharton-proyecto-final-empresariales","instructorIds":["1349478"],"specializations":[],"partnerIds":["6"],"name":"Proyecto de Fundamentos Empresariales de Wharton"}