{"courseType":"v2.ondemand","description":"Este curso provee al estudiante con conceptos y herramientas matemáticas para modelar problemas en física, que al aplicar podrá enfrentar con éxito los cursos de física universitarios.\n\nAsí pues, la filosofía de este curso consiste en cubrir temas conceptuales relativos a la Física y desarrollar tu capacidad de aprender y aplicarlos en tu vida profesional.\n\nEl curso se aborda en dos fases a través de las cuales el alumno:\n\n- Aprenderá a aplicar el cálculo diferencial e integral para interpretar y modelar la cinemática de una partícula en una dimensión,\n- Aprenderá el manejo de cantidades físicas vectoriales en forma gráfica y analítica en dos y tres dimensiones.","id":"pFHX98SQEeWUVgrPm5MRqw","slug":"fisica-universitaria","instructorIds":["3797221","4360475","3473689"],"specializations":[],"partnerIds":["62"],"name":"Conceptos y Herramientas para la Física Universitaria"}