{"courseType":"v2.ondemand","description":"Learn how to implement concurrent programming in Go. Explore the roles of channels and goroutines in implementing concurrency. Topics include writing goroutines and implementing channels for communications between goroutines. Course activities will allow you to exercise Go’s capabilities for concurrent programming by developing several example programs.","id":"m8BEnbnZEeewUQ7IuhPUJA","slug":"golang-concurrency","instructorIds":["14641356"],"specializations":[],"partnerIds":["30"],"name":"Concurrency in Go"}