{"courseType":"v2.ondemand","description":"Reconocer el conocimiento básico sobre los factores físicos y sociales que condicionan el riesgo de una sociedad por fenómenos extremos de origen natural (sismos, huracanes, etc.) y promover las acciones necesarias para reducir el impacto de los desastres en una comunidad.","id":"gIqmoleAEeerkQ5vdwUqtA","slug":"riesgos-fenomenos-naturales","instructorIds":["20707077"],"specializations":[],"partnerIds":["58"],"name":"Evaluación de peligros y riesgos por fenómenos naturales"}