{"courseType":"v2.ondemand","description":"Welcome to The City and You: Find Your Best Place. I'm excited to have you in the class and look forward to your contributions to the other learners in our community.\n\nThis free course will provide the knowledge and  the tools needed to understand what cities do, why they matter, the forces shaping the greatest wave of urbanization in history, and how to pick the right place for you. The course will also help you develop critical thinking skills. We'll accomplish this by providing evidence of the importance of cities, and why and how they matter to you. Then we’ll ask you to apply what you’ve learned in an exercise which will help you assess your own community and find your best place.\n\n This course is accessible and open to anyone who is interested in learning more about cities and the ways they affect our lives. It is organized around five key modules: (1) Why Cities Matter,  (2) A World of Cities,  (3) The Creative City, (4) The Divided City and the New Urban Crisis, and (5) How to Find the Best Place for You.\n\n After completing the course, you will be able to:\n\n\n(1) Identify why cities are the drivers of economic prosperity;\n(2) Explain the drivers and implications of fast-growing urbanization worldwide;\n(3) Outline the key characteristics of a creative and innovative city;\n(4) Describe the social divides and challenges facing cities and the solutions cities are using to address them; and\n(5) Recognize the trade-offs of staying in your current city versus moving, and identify the best place for you and your family to live.\n\nGood luck as you get started, and I hope you enjoy the course!","id":"GHhkynNMEeWKsgrp3VnvAw","slug":"city-and-you-find-best-place","instructorIds":["15652512"],"specializations":[],"partnerIds":["11"],"name":"The City and You: Find Your Best Place"}