{"courseType":"v2.ondemand","description":"This course is multidisciplinary in nature, and aims to equip the global audience of interested lay people, people with chronic disease, public health researchers, health clinicians, students, administrators, and researchers to reflect on the overall impact of the burden of chronic disease . It shows how all chronic diseases (obesity, diabetes, cardiovascular disease, chronic obstructive pulmonary disease, and cancer) are related by a set of common causes, and that such diseases should be tackled, not individually, but as part of a complex system, with interrelated contributing factors. These factors are genetic, environmental, psychological, economic, social, developmental, and media related. \n\nThe Charles Perkins Centre at the University of Sydney is a unique interdisciplinary education and research hub which seeks solutions to chronic disease through a complex systems approach. Academics in many disciplines (in Science and Medicine, but also in Architecture, Humanities, Law etc)  work in a collaborative fashion to produce novel solutions to the problems of chronic disease.  All contributors and participants in this course are members of the Charles Perkins Centre and will  speak from the unique interdisciplinary perspective that this Centre affords. \n\nThe course will describe a complex systems approach as the most productive way to ease the burden of chronic disease. It then describes  these diseases in detail, their risk factors, and the environmental and biological factors that have led to the  current epidemic of  obesity, diabetes and cardiovascular disease. Finally, the solutions – and more importantly the process for finding solutions- is the subject of the last module. No one approach by itself can ever be the answer, and certainly not a simple diet and exercise approach. \n\nThe entire course consists of 5 content modules, plus an extra module for completing assignments and discussions, and takes about 6 weeks to complete. Completion certificates are issued on the basis of participation in all 6 modules. \n\nWhat you'll learn: \n-\tHow the Charles Perkins Centre recruits interdisciplinary teams to ease the burden of chronic disease\n-\tHow a complex systems approach is necessary to provide solutions to a complex problem\n-\tThe fundamentals of chronic disease research and where it is heading\n-\tThe biggest risk factors for chronic disease and their global incidence\n-\tThe biological, genetic, social, regulatory, and other influences that have inflated these risk factors\n-\tHow to provide solutions globally for the reduction of chronic disease","id":"1AOj5h1WEeaSjBI-YFKkww","slug":"easing-the-burden-of-obesity-diabetes-cvd","instructorIds":["26206517"],"specializations":[],"partnerIds":["264"],"name":"Easing the burden of obesity, diabetes and cardiovascular disease"}