{"courseType":"v2.ondemand","description":"Oдним из условий применимости обычных линейных моделей является независимость наблюдений друг от друга, на основе которых подбирается модель. Однако на  практике часто встречаются ситуации, когда дизайн сбора материала таков, что нарушение этого условия неизбежно. Представьте, что вы решили построить модель, описывающую связь успеваемости по физкультуре и величины IQ теста у студентов. Для решения этой задачи вы сделали многочисленные выборки в нескольких институтах. Можно ли объединить такие данные в один анализ, построенной по традиционной схеме? Конечно нет. Студенты в каждом вузе могут быть в чем-то сходными друг с другом. Даже характер связи между изучаемыми величинами может быть несколько разным. Такого рода данные, в которых присутствуют внутригрупповые корреляции, стоит анализировать при помощи смешанных линейных моделей. Мы покажем, что некоторые предикторы стоит включать в модель в качестве так называемых “случайных факторов”. Вы узнаете, что случайные факторы могут быть иерархически соподчинены. Мы обсудим, как такие смешанные модели могут быть построены для зависимых переменных подчиняющихся разным типам распределений. Кроме того, мы покажем, что случайная часть модели может быть устроена еще сложнее - в ней может быть компонент, моделирующий поведение дисперсии в ответ на влияние ковариаты. В конце курса вас ждет проект, в котором вы сможете потренироваться в построении смешанных моделей, выбрав один из нескольких датасетов. На основе анализа этих данных вы сможете создать отчет, выдержанный в традициях воспроизводимого исследования.\n\nЭтот курс поможет научиться строить модели со случайными факторами для величин с разными типами распределений. Чтобы легче осваивать материалы курса, вам пригодятся базовые представления о линейных моделях (общих и обобщенных), базовые знания R и умение создавать простейшие .html документы при помощи rmarkdown и knitr.","id":"qfKRcB1WEemYGxIyuAVIqA","slug":"smeshannye-lineynye-modeli","instructorIds":["2341259","2389273"],"specializations":[],"partnerIds":["179"],"name":"Смешанные линейные модели"}