{"courseType":"v2.ondemand","description":"В качестве базовой экономической дисциплины макроэкономика создает фундамент для изучения других дисциплин, поэтому курс ставит целью дать знания в области общего понимания идеи экономического равновесия, основных экономических категорий и терминов. Изучение дисциплины должно обеспечить понимание того, как функционирует национальное хозяйство, какое место занимает фирма в общем макроэкономическом окружении, каковы основные методы регулирования со стороны государства.","id":"QXo5IEiBEei6DRKAF22yIg","slug":"makroekonomika","instructorIds":["36010574"],"specializations":[],"partnerIds":["312"],"name":"Макроэкономика  (вводный курс)"}