{"courseType":"v2.ondemand","description":"In recent years, the international tax planning strategies of multinationals have become a source of – often heated – debate. This course provides learners with the tools to become fully informed participants in the debate by explaining the foundations and practice of international tax law as well as addressing current developments and the ethical aspects of tax planning.","id":"VxTqEC8iEeWUWxIOAnoaFQ","slug":"international-taxation","instructorIds":["5896736"],"specializations":[],"partnerIds":["25"],"name":"Rethinking International Tax Law"}