{"courseType":"v2.ondemand","description":"In \"Engaging in Persuasive and Credible Communication\", you will learn the key skill of persuasion, in the context of professional communication in a globalised world. \n\nPersuasive communication is essential to any professional workplace. From a simple email request for your colleague to help you, to developing a presentation for the board of directors, these are acts of communication that require a good degree of persuasion. Even the process of entering the workforce requires effective persuasive communication, for in the act of writing your resume, cover-letter, or in the interview process, you are essentially persuading the potential employer to hire you.\n\nBy the end of this course, you will be able to structure and express your ideas in a convincing and persuasive manner in writing, apply basic principles of persuasive writing to convince different sets of audiences at the globalised workplace, and learn to engage in persuasive and credible communication across different cultures in a complex globalised environment.","id":"9GGvo5QIEeWBAQoVMoNgNQ","slug":"persuasive-communication","instructorIds":["15700452","2699776"],"specializations":[],"partnerIds":["47"],"name":"Engaging in Persuasive and Credible Communication"}