{"courseType":"v2.ondemand","description":"This course deals with the fundamentals important in Psychology as a science. Psychology is the study of behavior and the mind.  But all of us have tried to understand and predict behavior throughout our lives, first with our parents, then with our peers and teachers, and finally with our friends and co-workers.  The difference is that psychological scientists conduct research that discovers the facts about behavior and our minds, so its principles are based on science and not just on intuition and experience.  The course covers the fundamentals of learning, memory, motivation, emotion, and how behavior changes as we age.  The content of the course has received approval from \"Quality Matters\", an organization that evaluates on-line courses.  The learning outcomes are:  (1) Students will be able to recognize and describe major psychological principles of learning;  (2) Students will be able to distinguish between different types of memory;  (3) Students will be able to describe how motivation and emotion can affect how we behave; and (4) Students will know how cognitive behavior and social behavior develops as we age.","id":"82aQj7-XEeWlXArQvkLgXw","slug":"mind-behavior-fundamentals","instructorIds":["2606554"],"specializations":[],"partnerIds":["9"],"name":"Introduction to Psychology as a Science 2 – Fundamentals of the Mind and Behavior "}