{"courseType":"v2.ondemand","description":"¿Sabes por qué hay animales que migran cada año? ¿Cómo saben los campesinos cuándo sembrar y cuándo cosechar?\n¿Sabes qué gobierna el ciclo anual de frío y calor y de lluvias y secas?\n\nLas estaciones del año son el fenómeno climático más perceptible por el ser humano y se manifiestan de diferente forma en distintas regiones; por ejemplo cuando es invierno en la mitad del mundo,  es verano en la otra mitad.  Entender el mecanismo de las estaciones es el primer paso para entender el clima, que afecta a casi todas las actividades humanas.\n\nEn este curso estudiaremos los procesos que provocan las estaciones del año, las repercusiones que tienen éstas para las actividades humanas y su relación con los  fundamentos del sistema climático terrestre. A través de simulaciones visuales haremos comprensibles conceptos y procesos físicos y te propondremos experimentos. Si estas considerando estudiar ciencias de la Tierra o si quieres comprender mejor cómo funciona el clima, este curso es para ti. \n\n¡Acompáñanos! Y conoce más sobre nuestro hogar el planeta Tierra.","id":"iJLs_iBUEeWibgoGfGzczQ","slug":"estaciones-clima","instructorIds":["13862444","13888812"],"specializations":[],"partnerIds":["58"],"name":"Las estaciones del año y el clima"}