{"courseType":"v2.ondemand","description":"This course is the first in the Customer Insights and New Product Development (CIPD) specialization. It will introduce learners to the tools and process of gathering customer insights for identifying and developing new product opportunities. Through an integrated set of five modules and hands-on project experiences, learners will acquire the knowledge and skills to turn their ideas gained from understanding customer needs into innovative new products.","id":"2yrg8AmqEeehuBIVBG78lg","slug":"customer-insights-orientation","instructorIds":["12891058"],"specializations":[],"partnerIds":["17"],"name":"Customer Insights: New Product Development Orientation"}