{"courseType":"v2.ondemand","description":"De quoi parle-t-on lorsque l’on parle d’environnement ? Existe-t-il une crise écologique ? L’environnement se résume-t-il à la pollution ? Est-on vraiment fondé à parler de risques environnementaux ? L’environnement a-t-il affaire à la politique et si oui pourquoi ? Pourquoi et à partir de quand a-t-on pu parler d’écologie politique ? Quelles en sont les différentes expressions ? Les démocraties et leurs expressions courantes ne suffisent-elles pas à répondre aux problèmes écologiques ? Et si ce n’est pas le cas, quels sont les apports éventuels et potentiels de l’écologie politique ? Ce cours se propose à répondre à ces questions, l’objectif global étant de comprendre les tenants et aboutissants de l’interface écologie et politique.\n\n\nObjectifs pédagogiques du cours :\n\n1.\tSituer dans l’histoire des idées et de la société ce qu’on entend par écologie politique\n2.\tMaîtriser le lexique de l’écologie et de l’écologie politique\n3.\tAnalyser le caractère alternatif des courants de l’écologie politique en se situant dans le mouvement des idées et non sur la scène politicienne\n4.\tIdentifier les différents courants et leurs approches\n5.\tSituer de manière critique les réponses que propose l’écologie politique aux difficultés qu’elle pointe\n6.     Expliquer les fondements de la démocratie et les nouveaux enjeux qu’elle traverse","id":"KCDwoVb9EeWaMw4b4yEpbw","slug":"ecologie-politique","instructorIds":["5192980","19992059"],"specializations":[],"partnerIds":["159"],"name":"Ecologie Politique: défi de la durabilité pour les démocraties"}