{"courseType":"v2.ondemand","description":"This UX course provides an introduction to the fields of UX research and design. Learners will gain an understanding of what is involved in UX research, including conducting interviews, evaluating systems, and analyzing systems using principles of good design. Learners will also learn about the work involved in UX Design, including the generation of promising design solutions and the creation of prototypes at multiple levels of fidelity. By interleaving successive phases of UX Research and Design, learners will see how to learn from inevitable mistakes and improve towards a product with a great UX.\n\nWhat you'll learn:\n\n- The skills needed for UX research and design \n- How UX researchers discover and assess user needs and assess possible designs \n- How to conduct a micro-usability test \n- How UX designers use sketching and prototyping to develop design concepts\n- How to incorporate a user-centered focus into the design process \n- Key features of human behavior and describe their impact on the design of interactive systems \n- Techniques for critiquing and designing interactive systems based on human capabilities and behavior ","id":"fZGtX7LUEeilNhJ2KR9bNg","slug":"introtoux-principles-and-processes","instructorIds":["34219310"],"specializations":[],"partnerIds":["3"],"name":"Introduction to User Experience Principles and Processes"}