{"courseType":"v2.capstone","description":"The capstone will develop a professional-quality web portfolio.  Students will demonstrate the ability to design and implement a responsive site for a minimum of three platforms.  Adherence to validation and accessibility standards will be required. The evolving student implementations will be reviewed each week by capstone peers and teaching assistants to make sure that the student keeps up with the agenda of the course. \n\nUpon completion of this course students will feel comfortable creating and/or updating existing front-end sites, utilizing existing frameworks, and testing sites for accessibility compliance.\n\nThis course is only open to students who have completed the first four courses in the Web Design for Everybody specialization: Introduction to HTML5, Introduction to CSS3, Interactivity with JavaScript, and Advanced Styling with Responsive Design.","id":"zN_XyjlAEeWCYBKNeFwojw","slug":"web-design-project","instructorIds":["14130305","122340"],"specializations":[],"partnerIds":["3"],"name":"Web Design for Everybody Capstone"}