{"courseType":"v2.ondemand","description":"Au-delà des relations internationales classiques, le processus de mondialisation mobilise quantité d'acteurs économiques, sociaux et culturels, individuels et collectifs,  qui agissent dans l'espace mondial. Nous étudions ensemble, Africains, Latino-américains et Européens, comment il en dérive de nouvelles relations internationales. Ce cours prend sa source dans les approches sociologique et historique françaises des relations internationales, comme celles promues en Afrique et en Amérique latine.\nBertrand Badie, Marie-Françoise Durand, Delphine Allès, Atta El Battahani, Carlos Milani, Gaïdz Minassian, Papa Samba Ndiaye, Karen Smith, Folashadé Soule-Kohndou.","id":"nHq9Y2efEeexBQ7xGbB4Dg","slug":"afrique-mondialisation","instructorIds":["10499203","9848589"],"specializations":[],"partnerIds":["210"],"name":"Afrique et mondialisation, regards croisés"}