{"courseType":"v2.ondemand","description":"Une démarche de reporting extra-financier ne se limite pas à la production contraignante et fastidieuse d’un rapport de 300 pages. Même s’il est vrai que ce rapport est devenu obligatoire pour beaucoup d’entreprises, le reporting extra-financier est avant tout une occasion d’aller à la rencontre de ses parties prenantes pour comprendre les effets de ses activités dans leur globalité et pour mieux les gérer, d’une façon plus responsable aux plans social et environnemental mais aussi plus durable économiquement. Voir plus loin que la loi et faire de cette démarche un levier de performance, est bénéfique pour toute l'entreprise !\n\nL’originalité de ce MOOC ? Nous vous proposons une expérience d’apprentissage très riche basée à la fois sur l'expertise de spécialistes du sujet et sur l'expérience d'une quinzaine d'entreprises qui partageront avec vous leur expérience du sujet. Vous retrouverez notamment à chaque épisode les directrices RSE de L'Oréal, Eurazéo et Atos et un expert de l'équipe Développement durable de Deloitte, le partenaire de ce MOOC.\n\nQue vous soyez un étudiant soucieux d’acquérir un socle solide de connaissances sur le sujet, un salarié d’entreprise désireux de mieux dialoguer avec l’équipe RSE, ou tout simplement un citoyen convaincu que les enjeux RSE sont au cœur des modèles de développement à venir, ce MOOC est pour vous !\n\nBienvenue à tous et bon parcours !\nThierry Sibieude et l'équipe pédagogique","id":"3x9UKw40EeeYSwoRrxflRA","slug":"reporting-extra-financier-strategie-rse","instructorIds":["12799868"],"specializations":[],"partnerIds":["223"],"name":"Reporting extra-financier et stratégie RSE"}