{"courseType":"v2.ondemand","description":"Comprendre le fonctionnement des enseignes et des afficheurs à LED, depuis les petites enseignes à motifs fixes jusqu'aux écrans géants à LED.  Apprendre à les fabriquer et à les programmer les microcontrôleurs qui les pilotent.\n\nCe cours va vous permettre de comprendre comment fonctionnent les enseignes et les afficheurs à LED, depuis les montages les plus simples jusqu’aux des matrices de LED multicolores. Les concepts électroniques nécessaire vous seront donnés, ainsi qu’une introduction aux microcontrôleurs, tant du point de vue matériel que pour la programmation en C.\n\nChaque semaine, il vous sera possible de programmer des enseignes et afficheurs à distance et voir le résultat par vidéo.\n\nVous serez encouragés à fabriquer vos propres enseignes et afficheurs. Des techniques de réalisation de complexitié progressive vous seront proposées.","id":"jo5bEA4tEea7Vw5aJ3DY6w","slug":"enseignes-et-afficheurs-led","instructorIds":["2693195","4568090","5864381","5106847"],"specializations":[],"partnerIds":["16"],"name":"Enseignes et afficheurs à LED"}