{"courseType":"v2.ondemand","description":"Курс предполагает изучение основ налогового права (общая часть), в том числе вопросов налогового  законодательства;  налоговой компетенции публичных субъектов; принципов налогообложения;  понятия и системы налогов и сборов; элементного  состава налога; правового статуса участников налоговых правоотношений; налогового обязательства и его исполнения; налогового  контроля; производства о налоговых правонарушениях и налоговой ответственности.","id":"0T3Y9XjjEeeY4QpmMQsEfA","slug":"nalogovoye-pravo","instructorIds":["29442688","29399162","29442518","29554068","29441336","29443347"],"specializations":[],"partnerIds":["179"],"name":"Налоговое право (Tax law)"}