{"courseType":"v2.ondemand","description":"The purpose of this course is to review the material covered in the Fundamentals of Engineering (FE) exam to enable the student to pass it.  It will be presented in modules corresponding to the FE topics, particularly those in Civil and Mechanical Engineering.  Each module will review main concepts, illustrate them with examples, and provide extensive practice problems.","id":"fYg6EC_5EeWUWxIOAnoaFQ","slug":"fe-exam","instructorIds":["4711045"],"specializations":[],"partnerIds":["9"],"name":"Fundamentals of Engineering Exam Review"}