{"courseType":"v2.ondemand","description":"İnfertilite tanı ve tedavi aşamasında bireylere verilecek hemşirelik bakım sürecinin uygulaması aşamasında ihtiyaç duyulan temel bilgiyi sağlar. İnfertilitenin nedenleri, tanı ve tedavi yöntemleri, bu süreçlerde çiftlerin yaşadıkları fiziksel ve psikososyal sorunları ve önlemeye yönelik hemşirelik girişimlerini içerir.","id":"a05nBT8oEeWpogr5ZO8qxQ","slug":"infertilite","instructorIds":["10521091"],"specializations":[],"partnerIds":["182"],"name":"İnfertilite Hemşireliği (Infertility Nursing)"}