{"courseType":"v2.ondemand","description":"In this anatomy course, part of the Anatomy Specialization, you will be introduced to the central and peripheral nervous systems. You will learn about basic neuroanatomy, sensory pathways, motor pathways and the autonomic nervous system.\n\nThe course includes illustrated lecture videos and quizzes to help you expand and test your knowledge of the nervous system.\n\nBy the end of this course, you will have a better understanding of how the entire body influences, and is influenced, by the nervous system.","id":"znHxeowxEei74Aq2-GwsJg","slug":"anatomy403-3x","instructorIds":["38030174"],"specializations":[],"partnerIds":["3"],"name":"Anatomy: Human Neuroanatomy"}