{"courseType":"v2.ondemand","description":"This course opens with an exploration of the social context and aims of literacy teaching and learning. It goes on to describe a range of historical and contemporary approaches to literacy pedagogy, including didactic, authentic, functional, and critical approaches. The course takes has a 'Multiliteracies' perspective, which aims to expand the definition of literacy to encompass today's multimodal communications, and the diversity of literacies across different social and culltural contexts. A Multiliteracies approach also suggests a broad range of activity types—experiential, conceptual, analytical and critical.\n\n--------------------------------\nRecommended Background\n--------------------------------\n\nThis course is designed for people interested in literacy teaching and learning, including people who may wish to join education as a profession, practicing teachers interested in exploring future directions for a vocation that is currently undergoing transformation, and community and workplace leaders who regard their mission to be in part \"educative.\"\n\n--------------------------------\nTake this Course for Credit at the University of Illinois.\n--------------------------------\n\nThis course has the same content and anticipates the same level of contribution by students in the 'New Media and Literacies' course offered to graduate certificate, masters and doctoral level students in the College of Education at the University of Illinois.\n\nOf course, in the nature of MOOCs many people will just want to view the videos and casually join some of the discussions. Some people say that these limited kinds of participation offer evidence that MOOCs suffer from low retention rates. Far from it - we say that any level of engagement is good engagement.\n\nOn the other hand, if you would like to take this course for credit at the University of Illinois, apply here: http://education.illinois.edu/online-offcampus/programs-degrees/ldl-online If you have already taken this course in Coursera, you can prepare a portfolio of work created there and request that this work is taken into account for your University of Illinois course.","id":"-RpsW7fLEeS-WiIAC1OKoQ","slug":"literacy-teaching-learning","instructorIds":["3734792","3726726"],"specializations":[],"partnerIds":["17"],"name":"Literacy Teaching and Learning: Aims, Approaches and Pedagogies"}