{"courseType":"v2.ondemand","description":"Bem vindo ao terceiro curso de desenvolvimento de aplicativos para iPhone e iPad.\nQuer fazer mais do que um simples aplicativo? Colocar fotos, videos e músicas em seus aplicativos? Ou quem sabe colocar mapa ou usar o mais novo relógio da Apple (Apple Watch) junto com o seu aplicativo de iPhone? \nSe você respondeu \"sim\" para alguma dessas perguntas ou se deseja aprender os passos para publicar o seu próprio aplicativo, esse é o curso tem as respostas para você!\n\nNeste curso você vai descobrir como colocar diversas funcionalidades no seu aplicativo iPhone ou iPad: colocar photos, músicas, videos, usar mapa, permitir que o aplicativo faça posts no facebook ou twitter e também como fazer um aplicativo do iPhone que conecte com o AppleWatch! Além de tudo, você irá ver passo a passo como publicar e monetizar seu aplicativo uma vez que ele estiver publicado na App Store.\n\nEste curso é composto por várias videoaulas passo a passo, para você que tem pouca experiência com programação, ou já é um programador experiente mas não conhece o Swift ou nunca fez um aplicativo iOS, acompanhar as aulas e evoluir no seu próprio ritmo.\n\nConcluindo esse curso, você será capaz de desenvolver um aplicativo iPhone com funcionalidades avançadas, criar aplicativos para Apple Watch, e também saberá como publicá-lo na App Store!\n\nO que você está esperando? Junte-se a milhares de outros usuários e publique o seu próprio aplicativo!","id":"cm6wNxqEEeWwrBKfKrqlSQ","slug":"ios-avancado","instructorIds":["13190619","13230757"],"specializations":[],"partnerIds":["208"],"name":"Como aprimorar e monetizar seu aplicativo para iOS e Apple Watch"}