{"courseType":"v2.ondemand","description":"In this course, you will develop and test hypotheses about your data. You will learn a variety of statistical tests, as well as strategies to know how to apply the appropriate one to your specific data and question. Using your choice of two powerful statistical software packages (SAS or Python), you will explore ANOVA, Chi-Square, and Pearson correlation analysis. This course will guide you through basic statistical principles to give you the tools to answer questions you have developed. Throughout the course, you will share your progress with others to gain valuable feedback and provide insight to other learners about their work.","id":"ENhHCTboEeW8ZAoCexam_w","slug":"data-analysis-tools","instructorIds":["3182044","1121232"],"specializations":[],"partnerIds":["34"],"name":"Data Analysis Tools"}