{"courseType":"v2.ondemand","description":"Producing music is an incredibly creative process, and knowing the tools of the trade is essential in order to transmit the musical ideas in your head into the DAW in a creative and uninhibited way.  Whether you have used a computer to create music before, or you have been curious about production for years, this 4-week course will give you an introductory look into the world of Avid Pro Tools and Pro Tools First.","id":"tEqImn2kEeWb-BLhFdaGww","slug":"protools","instructorIds":["14990685"],"specializations":[],"partnerIds":["21"],"name":"Pro Tools Basics"}