{"courseType":"v2.ondemand","description":"通过本门课程的学习，你的创新能力将会获得大幅提升。课程首先致力于观念的转变，其次我会讲到很多具体的创新思维和创新方法。创新并不仅仅是那些黑科技。解决生活或工作中碰到的每一个问题，都需要创新。每一个人的发展都会受到资源的制约，我希望这门课程里，你能找出制约自己发展的那些内部和外部条件，并创造性地解决，突破自己成长的天花板。","id":"6eR54Y_nEeWF6gpQJiw6hQ","slug":"chuangxin-siwei","instructorIds":["12114568"],"specializations":[],"partnerIds":["233"],"name":"创新思维"}