{"courseType":"v2.ondemand","description":"This course is an introduction to the basic concepts of programming languages, with a strong emphasis on functional programming. The course uses the languages ML, Racket, and Ruby as vehicles for teaching the concepts, but the real intent is to teach enough about how any language “fits together” to make you more effective programming in any language -- and in learning new ones.\n\nThis course is neither particularly theoretical nor just about programming specifics -- it will give you a framework for understanding how to use language constructs effectively and how to design correct and elegant programs. By using different languages, you will learn to think more deeply than in terms of the particular syntax of one language. The emphasis on functional programming is essential for learning how to write robust, reusable, composable, and elegant programs. Indeed, many of the most important ideas in modern languages have their roots in functional programming. Get ready to learn a fresh and beautiful way to look at software and how to have fun building it.\n\nThe course assumes some prior experience with programming, as described in more detail in the first module.\n\nThe course is divided into three Coursera courses: Part A, Part B, and Part C.  As explained in more detail in the first module of Part A, the overall course is a substantial amount of challenging material, so the three-part format provides two intermediate milestones and opportunities for a pause before continuing.  The three parts are designed to be completed in order and set up to motivate you to continue through to the end of Part C.  The three parts are not quite equal in length: Part A is almost as substantial as Part B and Part C combined.\n\nWeek 1 of Part A has a more detailed list of topics for all three parts of the course, but it is expected that most course participants will not (yet!) know what all these topics mean.","id":"8om3I-4LEeSbxyIACw0OOQ","slug":"programming-languages","instructorIds":["873260"],"specializations":[],"partnerIds":["15"],"name":"Programming Languages, Part A"}