{"courseType":"v2.ondemand","description":"This course will focus on the historical and cultural background, literary aesthetics, music, and performance of Kunqu, China’s classical opera. After viewing the lecture videos presented by scholars and renowned maestros in the field of Kunqu, students’ understanding and appreciation of Chinese performing arts, classical literature and traditional culture will be enhanced.","id":"p_hNtStkEeWccAqzeA4VPw","slug":"kunqu-opera","instructorIds":["2589622","2589497","5271925"],"specializations":[],"partnerIds":["45"],"name":"The Beauty of Kunqu Opera"}