{"courseType":"v2.ondemand","description":"The increased capabilities of a collection of logically interrelated databases distributed over a computer network enable scalable data processing. This course addresses the components of these systems, covering the following main topics: distributed database architectures, distributed data storage and indexing, distributed and parallel query processing/optimization, and concurrency control in distributed Parallel Database Systems.","id":"qHsqBs4yEeebMQ6X4RBuAg","slug":"distributed-database","instructorIds":["29609810"],"specializations":[],"partnerIds":["287"],"name":"Distributed Database Systems"}