{"courseType":"v2.ondemand","description":"SEO is a dynamic and growing career field that demands knowledge and skills in a variety of website optimization strategies and tactics in order to be successful. This course is designed to provide you with a solid foundation in SEO including the different elements comprising a website optimization client report, and arm you with skills you need to develop a tactical approach to SEO. \n\nWhether you have successfully completed the other courses in the Search Engine Optimization specialization or are taking just this course, this project is your chance to apply the knowledge you’ve acquired to practice important SEO tactics and optimize a site of your choice from the ground-up. You will identify optimization opportunities on a site and discover valuable tips for pitching your plan and managing your relationship with your client, you will then develop a customized SEO solution for the website you chose, and go through each of the major steps needed to execute your strategy including keyword research, competitive analysis, improving the site’s meta-data and on-page elements. Along the way, you will receive feedback through the peer review process. This community of fellow learners will provide additional input to help you refine your approach to SEO and present your findings to clients and management.","id":"eDu3y3Q7EeWKsgrp3VnvAw","slug":"seo-project","instructorIds":["15780877"],"specializations":[],"partnerIds":["83"],"name":"Website Optimization Client Report Project"}