{"courseType":"v2.ondemand","description":"Este curso acelerado bajo demanda presenta a los participantes los servicios integrales y flexibles de infraestructura y plataforma que ofrece Google Cloud Platform. Mediante una combinación de clases por video, demostraciones y labs prácticos, los participantes exploran e implementan elementos de soluciones, incluidos componentes de infraestructura como redes, sistemas y servicios de aplicaciones. Este curso también abarca la implementación de soluciones prácticas, como interconexión de redes de manera segura, balanceo de cargas, ajuste de escala automático, automatización de la infraestructura y servicios administrados.\n\nRequisitos previos:\nPara aprovechar al máximo este curso, los participantes deberían reunir los siguientes requisitos:\n• Haber completado el curso Google Cloud Platform Fundamentals (infraestructura central o para profesionales de AWS) o tener experiencia equivalente\n• Haber completado el curso Essential Cloud Infrastructure: Foundation o tener experiencia equivalente\n• Haber completado el curso Essential Cloud Infrastructure: Core Services o tener experiencia equivalente\n• Tener conocimientos básicos sobre las herramientas de línea de comandos y los entornos del sistema operativo Linux\n• Tener experiencia en operaciones de sistemas, que incluye la implementación y la administración de aplicaciones, tanto a nivel local como en un entorno de nube pública","id":"NEMPQKWKEeis9hK3qadDqA","slug":"gcp-infrastructure-scaling-automation-es","instructorIds":["22997770"],"specializations":[],"partnerIds":["443"],"name":"Elastic Cloud Infrastructure: Scaling and Automation en Español"}