{"courseType":"v2.ondemand","description":"The majority of businesses say they want to become more global. And business leaders say that the lack of people with global intelligence is the key constraint holding them back. This course will address both gaps — at the business and the personal level, it will focus on practical strategies for dealing with the real consequences of globalization.","id":"jYxDYeJXEeWYOBIRup69HQ","slug":"global-business","instructorIds":["4753915"],"specializations":[],"partnerIds":["172"],"name":"Globalization of Business Enterprise"}