{"courseType":"v2.ondemand","description":"Engineering leaders must write extensively for their jobs, and their writing needs to be professional, reader-focused, and error-free. What leaders write in particular can affect productivity and the bottom line, so the written communication that leaders create must be clear and concise. In this course, you’ll learn essential writing skills that you can apply in your daily activities on the job as an engineering leader. You’ll learn key principles in\n•\tApproaching various engineering genres\n•\tUsing the writing process to create quality documents\n•\tMaking your writing structured\n•\tMaking your writing clear and concise\n•\tHandling style, tone, and voice\n\nSelected materials courtesy of Communication Faculty at Rice University - all rights reserved.","id":"6sk543Q6EeaRqAobOpNSMQ","slug":"engineering-writing","instructorIds":["18984882","17889770"],"specializations":[],"partnerIds":["13"],"name":"Writing Skills for Engineering Leaders"}