{"courseType":"v2.ondemand","description":"Ders çok değişkenli fonksiyonlardaki iki derslik dizinin ikincisidir. Birinci ders türev ve entegral kavramlarını geliştirmekte ve bu konulardaki problemleri temel çözme yöntemlerini sunmaktadır. Bu ders, birinci derste geliştirilen temeller üzerine daha ileri konuları işlemekte ve daha kapsamlı uygulamalar ve çözümlü örnekler sunmaktadır. Ders gerçek yaşamdan gelen uygulamaları da tanıtmaya önem veren “içerikli yaklaşımla” tasarlanmıştır. \n\nBölümler\nBölüm 1: Multivar 1'in Özeti, Dairesel Koordinatlarda Entegraller\nBölüm 2: Türev Uygulamalarından Seçme Konular\nBölüm 3: Çok Değişkenle Zincirleme Türev ve Jakobiyan\nBölüm 4: Uzayda Yüzey ve Hacım Entegralleri\nBölüm 5: Düzlemde Akı Entegralleri\nBölüm 6: Düzlemde Green, Uzayda Stokes ve Green-Gauss Teoremleri\nBölüm 7: Stokes ve Green-Gauss Teoremleri ve Doğanın Korunum Yasaları\n-----------\nThe course is the second of the two course sequence of calculus of multivariable functions. The first course develops the concepts of derivatives and integrals of functions of several variables, and the basic tools for doing the relevant calculations. This course builds on the foundations of the first course and introduces more advanced topics along with more advanced applications and solved problems. The course is designed with a “content-based” approach, i. e. by solving examples, as many as possible from real life situations.\n\nBölümler\nBölüm 1: Summary of Multivar I, Integral in Circular Coordinates\nBölüm 2: Topics of Derivative Applications\nBölüm 3: Chain Derivatives with Multi Variables and Jacobian\nBölüm 4: Surface and Volume Integrals in Space\nBölüm 5: Flux Integrals in the Plane\nBölüm 6: Green in Plane, Stokes in Space and Green-Gauss Theorems\nBölüm 7:  Stokes and Green-Gauss Theorem and Nature Conservation Laws\n-----------\nKaynak: Attila Aşkar, “Çok değişkenli fonksiyonlarda türev ve entegral”. Bu kitap dört ciltlik dizinin ikinci cildidir. Dizinin diğer kitapları Cilt 1 “Tek değişkenli fonksiyonlarda türev ve entegral”, Cilt 3: “Doğrusal cebir” ve Cilt 4: “Diferansiyel denklemler” dir.\n\nSource: Attila Aşkar, Calculus of Multivariable Functions, Volume 2 of the set of Vol1: Calculus of Single Variable Functions, Volume 3: Linear Algebra and Volume 4: Differential Equations. All available online starting on January 6, 2014","id":"ugSnwH9hEeSiIiIAC3lQMQ","slug":"calculus-diferansiyel-hesap","instructorIds":["3575896"],"specializations":[],"partnerIds":["182"],"name":"Çok değişkenli Fonksiyon II: Uygulamalar / Multivariable Calculus II: Applications"}