{"courseType":"v2.ondemand","description":"A partir de una historia del aprendizaje automático, analizamos por qué las redes neuronales, en la actualidad, ofrecen un alto rendimiento ante una variedad de problemas. Luego, analizaremos cómo configurar un problema de aprendizaje supervisado y encontrar una solución adecuada mediante el descenso de gradientes. Esto incluye crear conjuntos de datos que permitan la generalización; hablaremos sobre los métodos para hacerlo de una manera repetible que admita la experimentación.\n\nObjetivos del curso:\nIdentificar por qué el aprendizaje profundo es popular en la actualidad\nOptimizar y evaluar los modelos mediante las funciones de pérdida y las métricas de rendimiento\nMitigar los problemas comunes que surgen en el aprendizaje automático\nCrear conjuntos de datos de entrenamiento, evaluación y prueba, repetibles y escalables","id":"ltp8oW_yEeig5gq8RRNtIg","slug":"launching-machine-learning-es","instructorIds":["22997770"],"specializations":[],"partnerIds":["443"],"name":"Launching into Machine Learning en Español"}