{"courseType":"v2.ondemand","description":"Курс разработан совместно c Фондом развития интернет-инициатив (ФРИИ) — самым активным российским фондом венчурных инвестиций. Фонд предоставляет инвестиции технологическим компаниям на ранних этапах развития, проводит акселерационные программы и участвует в разработке методов правового регулирования венчурной отрасли.\n\nПрограмма состоит из 5 недель. В течение первой недели вы выработаете ряд гипотез о проблемах и потребностях людей, которых вы рассматриваете в качестве своих клиентов. На второй неделе вы подробно расскажете о своих клиентах и их потребностях с помощью карт эмпатии и выполните сегментирование рынка на основе профилей клиентов. В третьей и четвертой неделях узнаете методы валидации клиентов, строящиеся на проблемных интервью с ними – вам придется подготовить сценарии и провести собеседования. После того как вы выявите определенный набор проблем, с которыми сталкиваются ваши потенциальные клиенты, вы оцените объем этого сегмента рынка и жизнеспособность бизнеса, построенного вокруг него.\n\n\nКроме видеолекций вы получите готовые полезные материалы:\n\n– Список проверенных рыночных гипотез,\n– Набор сценариев для проблемных интервью,\n– Записи/расшифровки нескольких интервью с клиентами,\n– Наброски для ценностного предложения и\n– Таблица с оценкой рыночных сегментов.\n \n\nПо завершении курса вы сможете:\n\n– Понимать основные концепции предпринимательства (что такое: стартап, бизнес-модель, гипотеза, потребительский сегмент, потребности и проблемы, hadi-циклы и их применение, а также как модель жизненного цикла рынка технологий управляет бизнесом)\n– Определять потребительские сегменты и потребности клиентов\n– Выполнять сегментирование рынка на основе потребностей клиентов и произвольных параметров\n– Разрабатывать и проверять профили клиентов с использованием карт эмпатии\n– Строить гипотезы относительно потребностей клиентов\n– Проверять гипотезы с помощью проблемных интервью с клиентами\n– Подготавливать и проводить собеседования с клиентами\n– Анализировать результаты проблемных интервью и делать соответствующие выводы на их основе\n– Составлять убедительные ценностные предложения, основанные на результатах опросов клиентов\n– Оценивать объем сегментов рынка и их жизнеспособность\n– Внедрять итерационный подход к работе над курсовым проектом, используя hadi-циклы.","id":"DRNck83GEeaskwrhgK9PcA","slug":"internet-predprinimatelstvo","instructorIds":["1055967","21332669","28129563","28129623","28129690"],"specializations":[],"partnerIds":["176","474"],"name":"Интернет-предпринимательство"}