{"courseType":"v2.ondemand","description":">>> En vous inscrivant à ce cours, vous vous engagez à respecter les Conditions d'utilisation de Qwiklabs, telles que définies dans les questions fréquentes et disponibles à l'adresse : https://qwiklabs.com/terms_of_service <<<\n\nCe cours vous propose de découvrir des services qui améliorent l'évolutivité et la gestion des applications basées sur GCP. Vous y utiliserez des services tels que Google Cloud Pub/Sub et Google Cloud Functions, qui permettent de booster l'efficacité des applications. Vous y apprendrez aussi à utiliser des conteneurs sur GCP. Le cours se termine par un tour d'horizon de la spécialisation.\n\nPrérequis : \nPour tirer pleinement parti de ce cours, les participants doivent remplir les conditions suivantes :\n• Avoir suivi le cours Google Cloud Platform Fundamentals (Core Infrastructure ou AWS Professionals) ou disposer d'une expérience équivalente\n• Avoir suivi le cours Essential Cloud Infrastructure: Foundation ou disposer d'une expérience équivalente\n• Avoir suivi le cours Essential Cloud Infrastructure: Core Services ou disposer d'une expérience équivalente\n• Avoir suivi le cours Elastic Cloud Infrastructure: Scaling and Automation ou disposer d'une expérience équivalente\n• Maîtriser les principes de base des outils de ligne de commande et du système d'exploitation Linux\n• Disposer d'une expérience dans le domaine de l'exploitation de systèmes, y compris en déploiement et en gestion d'applications, sur site ou dans un environnement de cloud public","id":"3TQdrKWKEeiH3AqX3raR7A","slug":"gcp-infrastructure-containers-services-fr","instructorIds":["22997770"],"specializations":[],"partnerIds":["443"],"name":"Elastic Cloud Infrastructure: Containers and Services en Français"}