{"courseType":"v2.ondemand","description":"This course provides an analytical framework to help you evaluate key problems in a structured fashion and will equip you with tools to better manage the uncertainties that pervade and complicate business processes. The course aim to cover statistical ideas that apply to managers. We will consider two basic themes: first, is recognizing and describing variations present in everything around us, and then modeling and making decisions in the presence of these variations. The fundamental concepts studied in this course will reappear in many other classes and business settings. Our focus will be on  interpreting the meaning of the results in a business and managerial setting.\n\nWhile you will be introduced to some of the science of what is being taught, the focus will be on applying the methodologies.  This will be accomplished through use of Excel and using data sets from many different disciplines, allowing you to see the use of statistics in very diverse settings. The course will focus not only on explaining these concepts but also understanding the meaning of the results obtained.\n\nUpon successful completion of this course, you will be able to:\n•\tTest for beliefs about a population..\n•\tCompare differences between populations.\n•\tUse linear regression model for prediction. \n•\tLearn how to use Excel for statistical analysis.\n\nThis course is part of the iMBA offered by the University of Illinois, a flexible, fully-accredited online MBA at an incredibly competitive price. For more information, please see the Resource page in this course and onlinemba.illinois.edu.","id":"SPXfEJz9EeWILQ7D3uPEMw","slug":"business-statistics","instructorIds":["12639351"],"specializations":[],"partnerIds":["17"],"name":"Inferential and Predictive Statistics for Business"}