{"courseType":"v2.ondemand","description":"Курс «Введение в биоинформатику» адресован тем, кто хочет получить расширенное представление о том, что такое биоинформатика и как она помогает биологам и медикам в их работе.\n\n\nThe course is aimed at those who would like to have a better idea of what bioinformatics is and how it helps biologists and medical scientists in research and clinical work.","id":"ZnKBObKrEeWKaQ6n__gsuQ","slug":"bioinformatika","instructorIds":["4973869","6081","1240234","1702251","1239903"],"specializations":[],"partnerIds":["179"],"name":"Введение в биоинформатику (Introduction to Bioinformatics)"}