{"courseType":"v2.ondemand","description":"This course will prepare you to complete all parts of the Clinical Data Science Specialization. In this course you will learn how clinical data are generated, the format of these data, and the ethical and legal restrictions on these data. You will also learn enough SQL and R programming skills to be able to complete the entire Specialization - even if you are a beginner programmer. While you are taking this course you will have access to an actual clinical data set and a free, online computational environment for data science hosted by our Industry Partner Google Cloud. \n\nAt the end of this course you will be prepared to embark on your clinical data science education journey, learning how to take data created by the healthcare system and improve the health of tomorrow's patients.","id":"isEnBWBZEei8GhK6J8TCMg","slug":"introduction-clinical-data-science","instructorIds":["33019892"],"specializations":[],"partnerIds":["126"],"name":"Introduction to Clinical Data Science"}