{"courseType":"v2.ondemand","description":"The aim of this course is to give you a practical guide to managing people at work. It does not matter whether you are a first time manager in a shop or a middle manager in an office environment; the same skills apply to every work place. In the course you will engage with some HR theories and then see how they translate into every day working life. \n\nAt the end of the course we hope you will be better equipped to choose a suitable employee, to motivate and appraise your team, to manage conflict in the work place and to lead and make decision on a day to day basis.","id":"Wv_qFVYzEeWKXg4Y7_tPaw","slug":"people-management","instructorIds":["6872692"],"specializations":[],"partnerIds":["26","349"],"name":"The Manager's Toolkit: A Practical Guide to Managing People at Work"}