{"courseType":"v2.ondemand","description":"Now more than ever, corporations are investing heavily in IT. The quality of these investments affect the daily work of millions, yet it’s not uncommon to see industry surveys where the failure rates for IT projects is over 50%. It’s possible to do better and it’s possible to do so consistently. In this two-week course, we’ll step through major challenges within corporate IT and how to address them with the disciplined use of design thinking, Lean Startup, and agile as a team framework. \n\nBy the end of this course, you’ll be able to: \nUse the Business Model Canvas to focus your company strategy and facilitate buy-in from stakeholders\nTranslate your work on the Canvas to specific charters in IT\nRapidly prototype strategically-aligned processes for implementation within your IT infrastructure\n\nPlease Note: This is a short-form course two weeks in duration.","id":"3FBY1Z4eEeev7w6v-2RTNg","slug":"uva-darden-customer-centric-it-strategy","instructorIds":["14054880"],"specializations":[],"partnerIds":["18"],"name":"Customer-Centric IT Strategy"}