{"courseType":"v2.ondemand","description":"Ce cours d'introduction aux probabilités a la même contenu que le cours de tronc commun de première année de l'École polytechnique donné par Sylvie Méléard.\n\nLe cours introduit graduellement la notion de variable aléatoire et culmine avec la loi des grands nombres et le théorème de la limite centrale. \n\nLes notions mathématiques nécessaires sont introduites au fil du cours et de nombreux exercices corrigés sont proposés.\n\nCe cours propose aussi une introduction aux méthodes de simulations des variables aléatoires comme la méthode de Monte Carlo. Des expériences numériques interactives sont également mises à votre disposition pour vous permettre de visualiser diverses notions.","id":"06EmILV2EeWq2A7HIftJ6w","slug":"probabilites-2","instructorIds":["1914201","2593255","2788876"],"specializations":[],"partnerIds":["66"],"name":"Aléatoire : une introduction aux probabilités - Partie 2"}