{"courseType":"v2.ondemand","description":"Course Overview: https://youtu.be/L0-cZt1Hw7c\n\nChinese Medicine and Modern Medicine are two distinct medical systems, yet they both aim at the prevention and treatment of human diseases. With this in mind, we should understand the practice of Chinese Medicine in the context of Modern Medicine.\n\nIn this course, we explore the basic theories underlying the practice of Chinese Medicine, compare and contrast the use of Chinese Medicine and Modern Medicine in Preventive Health, and discuss how to restore a healthy condition and understand the pharmacological basis of different types of Chinese tonifying herbs.\n\nBy the end of this course, you will be able to:\n-              state the important Chinese Medicine literature from 5th century B.C. to 16th century A.D.\n-              describe and interpret basic Chinese Medicine theories \n-              apply the basic Chinese Medicine theories (such as the balance between Yin and Yang and the interaction among organs) to restore a healthy condition\n-              compare and contrast the use of Chinese Medicine and Modern Medicine in Preventive Health\n-              explain how the balance of Yang/Qi and/or Yin/Blood can be restored by using Chinese tonifying herbs\n-              adapt the Chinese Medicine concepts by reviewing the contemporary researches on pharmacological activities in Chinese tonifying herbs","id":"EZaf2jCPEeeo0w7S4sUhzA","slug":"health-concepts-chinese-medicine","instructorIds":["28528464"],"specializations":[],"partnerIds":["35"],"name":"Health Concepts in Chinese Medicine"}