{"courseType":"v2.ondemand","description":"In the last decade transgender and gender nonconforming (TGNC) individuals have become increasingly visible in our families, culture, and public discourse. This course explores the concept of gender identity for people who are curious about the nature of gender, the process of gender affirmation, or changing social dynamics. Participants will learn the unique challenges faced by the TGNC population as well as develop the skills to build inclusive spaces in all spheres of their life. This course was developed under the Joycelyn Elders Chair in Sexual Health Education at the University of Minnesota.","id":"3j4pqbsSEeayqhK4SOTn7g","slug":"tgnc-gender-identity-social-change","instructorIds":["22962745","4619317"],"specializations":[],"partnerIds":["50"],"name":"What does it mean to identify as Transgender or Gender Non-Conforming (TGNC)?"}