{"courseType":"v2.ondemand","description":"The Code Free Data Science class is designed for learners seeking to gain or expand their knowledge in the area of Data Science.  Participants will receive the basic training in effective predictive analytic approaches accompanying the growing discipline of Data Science without any programming requirements.  Machine Learning methods will be presented by utilizing the KNIME Analytics Platform to discover patterns and relationships in data. Predicting future trends and behaviors allows for proactive, data-driven decisions.  During the class learners will acquire new skills to apply predictive algorithms to real data, evaluate, validate and interpret the results without any pre requisites for any kind of programming.  Participants will gain the essential skills to design, build, verify and test predictive models.  \nYou Will Learn\n•\tHow to design Data Science workflows without any programming involved\n•\tEssential Data Science skills to design, build, test and evaluate predictive models\n•\tData Manipulation, preparation and Classification and clustering methods\n•\tWays to apply Data Science algorithms to real data and evaluate and interpret the results","id":"GJT3MD6xEemL3g4W6JiGWA","slug":"code-free-data-science","instructorIds":["4972118"],"specializations":[],"partnerIds":["53"],"name":"Code Free Data Science"}