{"courseType":"v2.ondemand","description":"In the final project for the Sales Operations/Management Specialization, learners will be asked to apply the knowledge they have obtained by performing a critical analysis of a real-world business. Learners are to select a business that has a sales function/operation. The learners are to identify the manager responsible for the sales function (typically called a Sales Manager) and interview this person on the sales management practices at this firm.","id":"Z2mhMMZtEee2dA7J3c5BSg","slug":"sales-operations-final-project","instructorIds":["35186510","30444079","30289690"],"specializations":[],"partnerIds":["116"],"name":"Sales Operations: Final Project"}