{"courseType":"v2.ondemand","description":"Курс по русскому языку как иностранному В2-2 предназначен для тех, кто хочет усовершенствовать свои знания русского языка . Курс включает учебные видеосюжеты, подкасты, аутентичные видеотексты для аудирования, аутентичные тексты для чтения, разделы «Грамматика», «Говорение», «Взаимопроверка».","id":"P0jwJLfzEee2exK3h4DxLg","slug":"russkiy-kak-inostrannyy-b2-2","instructorIds":["29658868","21782971","29475712","21752385","19615625"],"specializations":[],"partnerIds":["179"],"name":"Русский язык как иностранный B2-2"}