{"courseType":"v2.ondemand","description":"Анализ данных и машинное обучение существенно опираются на результаты из математического анализа, линейной алгебры, методов оптимизации, теории вероятностей. Без фундаментальных знаний по этим наукам невозможно понимать, как устроены методы анализа данных. Задача этого курса — сформировать такой фундамент. Мы обойдёмся без сложных формул и доказательств и сделаем упор на интерпретации и понимании смысла математических понятий и объектов. \n\nДля успешного применения методов анализа данных нужно уметь программировать. Фактическим стандартом для этого в наши дни является язык Python. В данном курсе мы предлагаем познакомиться с его синтаксисом, а также научиться работать с его основными библиотеками, полезными для анализа данных, например, NumPy, SciPy, Matplotlib и Pandas.\n\nЗадания и видео разработаны на Python 2.","id":"RcnRZHHtEeWxvQr3acyajw","slug":"mathematics-and-python","instructorIds":["349711","143601","3722005","188273"],"specializations":[],"partnerIds":["176","468"],"name":"Математика и Python для анализа данных"}