{"courseType":"v2.ondemand","description":"En este curso, «Producción musical y su efecto en la composición», exploraremos cómo el proceso de producir un proyecto musical interactúa con los elementos de la composición de la música que se está produciendo. Enrique Gonzalez Müller, profesor de Berklee College of Music, reconocido productor e ingeniero de sonido y ganador del Latin Grammy®, facilitará esta exploración, guiándonos a través de la producción de un tema musical en todas sus etapas, desde el demo hasta la versión final. Con esta experiencia, se demostrará la importancia de capturar las emociones que genera la música y plasmarlas en la grabación, maximizando los elementos originales que brinda una composición. Estudiantes de Berklee College of Music y la banda ganadora del Latin Grammy® Los Amigos Invisibles darán vida al proceso y ejemplificarán los conceptos de esta interesante exploración.\n\nTu profesor asistente será Sergio Torres-Letelier. Sergio es un compositor de cine, arreglista y productor musical, nacido en Chile y radicado en Los Angeles, USA. Tras obtener el título de Intérprete Instrumental (Batería) otorgado por el Instituto Profesional Escuela Moderna de Música de Santiago de Chile, Sergio fue aceptado en Berklee College of Music, en donde obtuvo un Bachelor Degree en Film Scoring, con un Minor en Conducción para Cine y Televisión.\n\n\n\nEsta obra fue financiada con una donación del Banco Inter-Americano de Desarrollo con recursos del Fondo Coreano para la Reducción de la Pobreza. \n\nLas opiniones expresadas en esta obra son exclusivamente de los autores y no necesariamente reflejan el punto de vista del Banco Interamericano de Desarrollo, de su Directorio Ejecutivo ni de los países que representa.\n\nEl Banco Interamericano de Desarrollo no garantiza la veracidad de la data incorporada en esta obra.\n\n\n\nPuedes cambiar el idioma en Coursera de inglés al español utilizando la página de ajustes de tu cuenta. Para cambiar los ajustes en tu cuenta de Coursera sigue los siguientes pasos:\n\n1. Ve a coursera.org\n2. En la esquina derecha superior haz click en el pequeño triángulo invertido que está a lado de tu nombre y foto.\n3. Haz click en ‘Settings’.\n4. Selecciona el recuadro debajo de ‘Language’ (idioma), selecciona español y salva los cambios realizados.\n\nCoursera ofrece ayuda financiera a los estudiantes que no pueden pagar los cursos y necesiten de una beca. Los estudiantes con ayuda financiera podrán tener acceso a todo el contenido del curso y completar todo el trabajo requerido para adquirir el Certificado de Coursera. La ayuda financiera solo aplica al curso en el que se aprobó la solicitud de ayuda financiera. Para aplicar haz click en la opción “Learn More and Apply” (aprende mas y aplica) debajo del menú a la izquierda.","id":"7FRjpz1BEeWC4g7VhG4bTQ","slug":"produccionycomposicion","instructorIds":["13209048"],"specializations":[],"partnerIds":["21","467"],"name":"Producción Musical y su Efecto en la Composición"}