{"courseType":"v2.ondemand","description":"This course, Instructional Design Foundations, is an introductory course as part of Instructional Design MasterTrack Certificate. This particular course will introduce learners to the conceptual and theoretical foundations of instructional design as well as the analysis aspect of instructional systems design in order to create an innovative instructional solution to performance problems in organizations. \nUpon successful completion of this course, you will be able to:\n●Describe the major concepts of instructional systems design \n●Describe the major learning and instructional theories\n●Describe the process of instructional design and instructional design models\n●Describe various analysis activities for instructional design","id":"LSKyLoqnEeiA2BLnQCAh6g","slug":"instructional-design-foundations-applications","instructorIds":["32400437"],"specializations":[],"partnerIds":["17"],"name":"Instructional Design Foundations and Applications"}