{"courseType":"v2.ondemand","description":"Welcome to Grow Your Business with Goldman Sachs 10,000 Women.\n\nGoldman Sachs 10,000 Women is a global initiative that fosters economic growth by providing women business owners around the world with business and management education, mentoring and networking, and access to capital.\n\nThis introductory business course has been developed from the face-to-face program which has enabled over 10,000 women to see immediate and sustained business growth. It is designed for women business owners, running established businesses operating for more than one year, to provide the practical tools and skills required to help you grow your business. The course will enable you to develop your understanding of the three key ingredients of growth potential: you, your business, and your opportunity. \n\nThrough focused and tailored exercises, you will assess the strengths and weaknesses of your business and yourself as a business leader. You will also identify and refine your key opportunities for business growth. As you complete the course, you will be connecting with like-minded business owners from around the world. The course will provide you with a unique forum to share your experiences, and provide support and advice to others. \n\nWhat can you do after this introductory course?\n\nOnce you finish this introductory course, you will have the opportunity to continue your learning journey with 10,000 Women through a further 10 weeks of online learning.\n\nThe innovative 10-week course covers a full range of business topics from your leadership style and management structure to resource allocation and operational efficiency. You will build on what you learn in the introductory course and analyze the growth of your business further through the creation of a Business Growth Plan (BGP). The BGP is a strategic and tactical implementation tool designed to guide your business’s growth and help you to communicate your opportunity, vision, and ideas to your team, stakeholders, and customers.\n\nUpon successfully completing the two courses, you will be able to join the 10,000 Women alumni community and connect with a global network of past participants.\n\nYou will also have the opportunity to apply and be considered for the Goldman Sachs 10,000 Women Growth Fellowship program to further encourage your business growth. The Fellowship will take place in New York City in Fall 2019.","id":"UDOU-36EEeebcBJbr9YsJg","slug":"gs10kw","instructorIds":["29616228","40133130","40133148","40133174","40133191","40133217","40133257"],"specializations":[],"partnerIds":["289"],"name":"Grow Your Business with Goldman Sachs 10,000 Women"}