{"courseType":"v2.ondemand","description":"In this course, we will study security and trust from the hardware perspective. Upon completing the course, students will understand the vulnerabilities in current digital system design flow and the physical attacks to these systems. They will learn that security starts from hardware design and be familiar with the tools and skills to build secure and trusted hardware.","id":"qqRBbiEREeW5Rwo0txKkgQ","slug":"hardware-security","instructorIds":["6171385"],"specializations":[],"partnerIds":["32"],"name":"Hardware Security"}