{"courseType":"v2.ondemand","description":"The world runs computers.  From small to large businesses, from the CEO down to level 1 support staff, everyone uses computers.  This course is designed to give you a practical perspective on computer security.  This course approaches computer security in a way that anyone can understand.  Ever wonder how your bank website is secure when you connect to it?  Wonder how other business owners secure their network?  Wonder how large data breaches happen?  This is practical computer security.  It will help you answer the question – what should I focus on?","id":"tFtQuLmJEeaHhwpEISB4Yg","slug":"intro-cyber-security-business","instructorIds":["21214258"],"specializations":[],"partnerIds":["126"],"name":"Introduction to Cybersecurity for Business"}