{"courseType":"v2.ondemand","description":"The Origins course tracks the origin of all things – from the Big Bang to the origin of the Solar System and the Earth. The course follows the evolution of life on our planet through deep geological time to present life forms.","id":"QRDjcWLVEeWFkQ7sUCFGVQ","slug":"origins-universe-solarsystem","instructorIds":["2428255","5970141","10165456","10165347","10165330","10165304","10165281","10165255","10165237","10165197","10165169","10165131","10165094","10165080","10165069","10165045","10165012"],"specializations":[],"partnerIds":["63"],"name":"Origins - Formation of the Universe, Solar System, Earth and Life"}