{"courseType":"v2.ondemand","description":"Le Mooc géopolitique de l’Europe offre un parcours dynamique sur les enjeux et les tensions internes de l’Union européenne comme sur ses interactions avec le reste du monde. Par les cartes, l’iconographie, les vidéos, l’infographie et les jeux de rôle, le Mooc restitue les principaux enjeux géopolitiques propres à l’Europe, tout en insistant sur les représentations dont elle est l’objet dans le monde. Résolument pluri-disciplinaire, ce mooc offre aux apprenants une boite à outils forgés par le recours à une combinaison originale d’histoire, de géopolitique, d’économie, de science politique, de géographie, et de droit.\nFormat : le parcours pédagogique est progressif et modulaire. Il se décline en sept séquences thématique. Chacune d’elle bénéficie d’une variation de l’échelle et de l’angle d’approche. A chaque séance, l’exploration du problème principal est pensée comme un cheminement libre mais bien balisé par six étapes : une mise en situation cartographique, l’étude d’un corpus documentaire, un gros plan sur les perceptions nationales et un éclairage sur l’actualité. Les acquis de ces quatre premières étapes peuvent ensuite être testés dans un quizz d’évaluation, et mis en pratique lors du jeu de rôle final ou serious game : un scenario européen, une mission et … des décisions à prendre ! \nLa septième séance propose des analyses nouvelles pour mettre l’actualité de l’année 2016 en perspective.","id":"awXhkY6qEeWBSw79YYA_8Q","slug":"geopolitique","instructorIds":["14896328","8481820","21122707"],"specializations":[],"partnerIds":["210"],"name":"Géopolitique de l'Europe"}