{"courseType":"v2.ondemand","description":"Dieser einwöchige On-Demand-Kompaktkurs baut auf folgendem Kurs auf: \"Google Cloud Platform Big Data and Machine Learning Fundamentals\". In den von einem Kursleiter geführten Präsentationen, Demonstrationen und praktischen Labs erhalten die Teilnehmer eine Einführung in die managementfreie Datenverarbeitung in Data Warehousing, Analysen und Pipelines.\n\nVoraussetzungen:\n• Kurs: \"Google Cloud Platform Big Data and Machine Learning Fundamentals\"\n• Erfahrung in der Verwendung einer SQL-ähnlichen Abfragesprache für die Datenanalyse\n• Python- oder Java-Kenntnisse\n\nHinweis zum Google-Konto:\n• Zum Registrieren für die kostenlose Google Cloud Platform-Testversion benötigen Sie ein Google/Gmail-Konto sowie eine Kreditkarte oder ein Bankkonto. In China sind Google-Dienste derzeit nicht verfügbar.\n• Wenn Sie als Google Cloud Platform-Kunde eine Rechnungsadresse in der EU oder in Russland haben, lesen Sie den Artikel \"Übersicht zur Mehrwertsteuer\" unter: https://cloud.google.com/billing/docs/resources/vat-overview\n• Weitere FAQ zur kostenlosen Google Cloud Platform-Testversion finden Sie unter: https://cloud.google.com/free-trial/","id":"TAtGgqZNEeiECQr9tzDo4g","slug":"serverless-data-analysis-bigquery-cloud-dataflow-gcp-de","instructorIds":["22997770"],"specializations":[],"partnerIds":["443"],"name":"Serverless Data Analysis with Google BigQuery and Cloud Dataflow auf Deutsch"}