{"courseType":"v2.ondemand","description":"Курс посвящён изучению языка программирования Swift. Swift является основным языком разработки приложений под такие операционные системы, как iOS, macOS, watchOS и tvOS.\n\nВо время обучения вы познакомитесь как с азами разработки — переменными, классами, циклами, протоколами, так и с более сложными темами —  дженериками, замыканиями и ассоциированными типами. Мы сконцентрируемся на особенностях Swift и тех парадигмах, которые он предлагает для написания производительного, красивого и понятного кода.","id":"IME8Drl7Eeet3RK-_YoEFA","slug":"ios-razrabotka-na-swift","instructorIds":["1628363","28355252","350464"],"specializations":[],"partnerIds":["176","493","515"],"name":"Введение в iOS-разработку"}