{"courseType":"v2.ondemand","description":"Effective teamwork and group communication are essential for your professional and personal success.  In this course you will learn to: make better decisions, be more creative and innovative, manage conflict and work with difficult group members, negotiate for preferred outcomes, improve group communication in virtual environments, develop a better overall understanding of human interaction, and work more effectively as a team.  Our goal is to help you understand these important dynamics of group communication and learn how to put them into practice to improve your overall teamwork.","id":"IrvLQAqFEeeBuxL5UjD8lg","slug":"teamwork-skills-effective-communication","instructorIds":["26205080"],"specializations":[],"partnerIds":["71"],"name":"Teamwork Skills: Communicating Effectively in Groups"}