{"courseType":"v2.ondemand","description":"Welcome to Course 2 of Introduction to Applied Cryptography. In this course, you will be introduced to basic mathematical principles and functions that form the foundation for cryptographic and cryptanalysis methods. These principles and functions will be helpful in understanding symmetric and asymmetric cryptographic methods examined in Course 3 and Course 4. These topics should prove especially useful to you if you are new to cybersecurity. It is recommended that you have a basic knowledge of computer science and basic math skills such as algebra and probability.","id":"Ocyl5rmJEea7HhLAXRS5cg","slug":"mathematical-foundations-cryptography","instructorIds":["22960203","21251837","1911301"],"specializations":[],"partnerIds":["126"],"name":"Mathematical Foundations for Cryptography"}