{"courseType":"v2.ondemand","description":"This course explores Excel as a tool for solving business problems. In this course you will learn the basic functions of excel through guided demonstration. Each week you will build on your excel skills and be provided an opportunity to practice what you’ve learned. Finally, you will have a chance to put your knowledge to work in a final project.  Please note, the content in this course was developed using a Windows version of Excel 2013.  \n\nThis course was created by PricewaterhouseCoopers LLP with an address at 300 Madison Avenue, New York, New York, 10017.","id":"RGh8fgWwEeakgQ4xJu4oAw","slug":"excel-analysis","instructorIds":["19932496"],"specializations":[],"partnerIds":["329"],"name":"Problem Solving with Excel "}