{"courseType":"v2.ondemand","description":"This if the final course in the specialization which builds upon the knowledge learned in Python Programming Essentials, Python Data Representations, and Python Data Analysis.  We will learn how to install external packages for use within Python, acquire data from sources on the Web, and then we will clean, process, analyze, and visualize that data. This course will combine the skills learned throughout the specialization to enable you to write interesting, practical, and useful programs.\n\nBy the end of the course, you will be comfortable installing Python packages, analyzing existing data, and generating visualizations of that data.  This course will complete your education as a scripter, enabling you to locate, install, and use Python packages written by others. You will be able to effectively utilize tools and packages that are widely available to amplify your effectiveness and write useful programs.","id":"WM6vmONeEea9axKK2AGYJA","slug":"python-visualization","instructorIds":["726142","527518"],"specializations":[],"partnerIds":["13"],"name":"Python Data Visualization"}