{"courseType":"v2.ondemand","description":"Resolving conflict in a positive manner is a skill than can be developed and practiced.  Being heard can be one of the most important goals of someone engaged in conflict.  Knowing how to listen and deploy appropriate communication tactics is determinative of whether a conflict will have a positive or negative resolution.  Examine listening skills, appropriate and strategic verbal and non-verbal communication skills, and how to assemble a conflict management plan likely to yield positive resolutions.\n\nUpon completing this course, you will be able to:\n1.       Use active learning skills when dealing with conflict\n2.       Choose appropriate communication tactics when dealing with conflict\n3.       Create a usable plan for managing conflict","id":"LrTP0yv9EeWccAqzeA4VPw","slug":"conflict-resolution-skills","instructorIds":["12544838"],"specializations":[],"partnerIds":["30"],"name":"Conflict Resolution Skills"}