{"courseType":"v2.ondemand","description":"Are you about to enter the workforce? Are you an emerging professional? Are you new to your role in the organization? All prospective new employees benefit from understanding management principles, roles and responsibilities, regardless of position.  Now you can acquire an in-depth understanding of the basic concepts and theories of management while exploring the manager's operational role in all types of organizations. Gain insight into the manager's responsibility in planning, organizing, leading, staffing and controlling within the workplace. It’s never too soon to plan your professional path by learning how the best managers manage for success!\n\nUpon completing this course, you will be able to:\n1.       Describe the difference between managers and leaders\n2.       Explore the focus of a manager’s job\n3.       Cite the required skills for a new manager’s success\n4.       Describe the five functions of management\n5.       Explain the new model management operating philosophy\n6.       Describe the hierarchy of planning\n7.       Use the SMART goal setting technique\n8.       Discuss the concept of evolution of leadership\n9.       Explain how customer satisfaction is linked to controlling\n10.     Discuss the power of building a network","id":"3791_tdbEeS2-SIAC4-TTw","slug":"fundamentals-of-management","instructorIds":["12056243"],"specializations":[],"partnerIds":["30"],"name":"Fundamentals of Management"}