{"courseType":"v2.ondemand","description":"This course, Learning Technologies Foundations and Applications, is one of the two four-week MOOC courses that form part of Instructional Design MasterTrack Certificate. \nAfter completing the course, you will be able to:\n1.\tIdentify suitable learning technology applications for problem-solving tasks.\n2.\tEvaluate learning technology solutions based on Cognitive Load Theory and related multimedia learning design models.\n3.\tJustify the selection of learning technologies for solving organizational problems based on evidence and best practices.","id":"cIU8oaTGEei1igqyy64WCg","slug":"learning-technologies-foundations-applications","instructorIds":["32399603"],"specializations":[],"partnerIds":["17"],"name":"Learning Technologies Foundations and Applications"}