{"courseType":"v2.ondemand","description":">>> このコースに登録すると、よくある質問に記載されているとおり Qwiklabs の利用規約（https://qwiklabs.com/terms_of_service）に同意したことになります。<<<\n\nこのコースでは、GCP で構築されたアプリケーションに提供されるスケーラビリティと保守性を向上させるためのサービスについて学習します。こうしたサービスは Google Cloud Pub/Sub や Google Cloud Functions などのサービスと連携し、アプリケーションの効率性をさらに高めます。また、GCP のコンテナの利用についても学習します。最後にこの専門講座の復習を行います。\n\n受講条件:\n\nこのコースを最大限に活用するためには、次の条件を満たしている必要があります。\n\n• Google Cloud Platform Fundamentals（Core Infrastructure または AWS Professionals）を修了しているか、同等の経験がある\n• Essential Cloud Infrastructure:Foundation を修了しているか、同等の経験がある\n• Essential Cloud Infrastructure:Core Services を修了しているか、同等の経験がある\n• Elastic Cloud Infrastructure:Scaling and Automation を修了しているか、同等の経験がある\n• コマンドライン ツールと Linux オペレーティング システム環境の基礎を習熟している\n• システム運用の経験がある（オンプレミスまたはパブリック クラウド環境でのアプリケーションのデプロイや管理を含む）","id":"DF0FYaWLEeiCoxKpzipawg","slug":"gcp-infrastructure-containers-services-jp","instructorIds":["22997770"],"specializations":[],"partnerIds":["443"],"name":"Elastic Cloud Infrastructure: Containers and Services 日本語版"}