{"courseType":"v2.ondemand","description":"Есть мнение, что русский язык – не просто один из самых распространенных языков в мире, но и один из самых сложных для изучения. В нашем курсе мы покажем, что знакомство с русским языком может быть увлекательным и даже забавным. Пройдя обучение, вы сможете поддержать простую беседу на русском языке, найти выход из обыденной ситуации, рассказать что-то о себе.  \n\nНебольшие видеозарисовки иллюстрируют и объясняют грамматический материал, позволяют легко и быстро освоиться в новой языковой среде. Лексические блоки подобраны таким образом, что к концу курса слушатель сможет самостоятельно решать элементарные коммуникативные задачи на русском языке (на уровне владения языком А1). \n\nНаш курс подойдет вам идеально, если недавно вы начали изучать русский язык или только решили его освоить. В каждом из четырех модулей курса «Я говорю по-русски» вы найдете пять видеолекций, интерактивные таблицы, новые слова и задания для контроля. Курс поможет слушателям запомнить и закрепить основные лексико-грамматические конструкции; получить навыки чтения, письма и аудирования; понять сложный грамматический материал и уверено использовать его в разговорной практике.\n\nПродолжить изучение русского языка с преподавателями Томского государственного университета можно на онлайн-курсах «Зарисовки о Сибири. Город Томск» и «Русский язык как инструмент успешной коммуникации».","id":"CyAufKmgEei1AAo9TgayGg","slug":"ya-govoryu-po-russki","instructorIds":["39112664","32706737"],"specializations":[],"partnerIds":["276"],"name":"Я говорю по-русски/ I speak Russian"}