{"courseType":"v2.ondemand","description":"The Kotlin programming language is a modern language that gives you more power for your everyday tasks. Kotlin is concise, safe, pragmatic, and focused on interoperability with Java code. It can be used almost everywhere Java is used today: for server-side development, Android apps, and much more. Kotlin is 100% compatible with all existing Java frameworks, and has good tooling support. It’s a pragmatic language with a very low learning curve, and can be quickly grasped by Java developers. Kotlin code might be compiled not only to JVM bytecode but to JavaScript and Native code as well, but this course is focused on Kotlin/JVM.\n\nThis course aims to share with you the power and the beauty of Kotlin. We'll have a basic overview of the language, as well as a discussion of many corner cases, especially concerning Java interoperability. The course is based on your Java experience; it shows the similarities between the two languages and focuses on what's going to be different. \nNote that this course won't cover the programming fundamentals. We'll discuss: basic syntax, nullability, functional programming with Kotlin, object-oriented programming with Kotlin, the power of the Kotlin standard library, and Java interoperability.","id":"onanI5PsEeic_hJxqQLlmg","slug":"kotlin-for-java-developers","instructorIds":["35297068","35636946"],"specializations":[],"partnerIds":["523"],"name":"Kotlin for Java Developers"}