{"courseType":"v2.ondemand","description":"This course provides an introduction to Apigee API Platform On-Premises. The material walks you over Apigee product capabilities overview, architecture characteristics, technology stack and the fundamentals of topology design.\n\nAs part of the course key terminology, software organizational structure and architecture are covered. \nThe course represents the foundation for your understanding of Apigee API Platform On-Premises. The knowledge built on this course is a must for your understanding of the rest of the material on this specialization.\n\nThe second half of the course will focus on the installation of the Apigee API Platform on your on premise instance.","id":"0mUWawwqEei4Vw5pGASqjA","slug":"onprem-fundamentals-apigee-gcp","instructorIds":["22997770"],"specializations":[],"partnerIds":["443"],"name":"On Premises Installation and Fundamentals with Google Cloud's Apigee API Platform"}