{"courseType":"v2.capstone","description":"In this case study based exercise, you will apply the knowledge you have gained about distribution, revenue and demand management to a ‘real’ world case – Hotel “De l'étoile” - a prestigious upmarket internationally branded property in Paris that to the outside world seems to be doing well but is in fact unprofitable for its owner.\n\nActual data of the distribution performance, revenue management tactics, financial situation will be provided by the hotel partner.  In addition detailed information about the hotel’s competitive environment will be provided by several industry partners.  Video interviews with senior managers from the property will be used to supplement written material to create a more real world experience.\n\nAs the new Director of Business Development hired to help the hotel decide how to proceed, you will evaluate the hotel’s current policies and performance, making recommendations for improvements and and plan how best to implement them.","id":"9suomDeIEeWJaxK5AT4frw","slug":"hotel-management-project","instructorIds":["9943216"],"specializations":[],"partnerIds":["223"],"name":"Hôtel “De l'étoile” - a hotel in crisis? "}