{"courseType":"v2.ondemand","description":"* \"系统平台与计算环境\"仅是\"大学计算机\"系列课程的第一部分，我们将在不久的未来推出“算法与C语言编程基础”，\"大学计算机\"系列课程的第二部分，敬请关注！*\n\n计算机科学是研究抽象和自动计算的学科，涉及的理论知识众多。作为计算机科学的入门，“大学计算机”系列课程将从基础知识入手，循序渐进，帮助你在了解计算机系统整体结构和基本原理的基础上，具备“选择和利用各种已有工具软件解决问题的能力”和“编写程序解决一般专业问题的能力”。\n\n本系列课程由“系统平台与计算环境（第一部分）”和“算法与C语言编程基础（第二部分）”两门课程构成。每门课程独立开设，既自成一体，又相互衔接，构成体系。本课程，即第一部分的内容，将涉及计算模型与信息表示、软硬件系统组成及工作原理、网络技术及应用、OFFICE基本操作等多个知识模块。本课程的学习目标是了解计算机软硬件系统组成、信息表示方法、网络技术等计算机学科的基础知识和基本操作技能；在未来我们将提供系列课程第二部分的学习目标，即学会编写简单的C语言控制台程序以及排序、查找等基本算法。\n\n本课程是学习计算机的入门课程，无需信息技术方面的基础，但需要你会一些计算机的基本操作，比如：文字录入、通过网络获取信息（网络信息检索）等。","id":"Ubg5m6GeEeSoeSIAC0cUQw","slug":"jisuanji-wangluo","instructorIds":["9299119","11063936","11065014"],"specializations":[],"partnerIds":["234"],"name":"系统平台与计算环境"}