{"courseType":"v2.ondemand","description":"Decision-makers often turn to scientists and engineers to assist them to navigate through complex environmental, health and societal challenges pervaded by systemic uncertainty, ambiguity and ethical implications. \n\nThis course prepares you to meet the requests and demands of current and future decision-makers and in this course, you will analyze ethical challenges associated with environmental dilemmas and apply different decision making tools relevant to environmental management and regulation.","id":"-quiqGbJEeW0sAqIx1_alQ","slug":"environmental-management-ethics","instructorIds":["14612349","15973390"],"specializations":[],"partnerIds":["57"],"name":"Environmental Management & Ethics"}