{"courseType":"v2.ondemand","description":"Let’s keep making history together - over and over!\n\nIn 2013 and 2014, over 200,000 people from more than 190 countries came together in this MOOC to explore creativity, innovation, and change.\n\nWhat did we DO?\nWe discovered creative uniqueness through Creative Diversity.\nWe used Intelligent Fast Failure to build innovative skills.\nWe applied CENTER principles to drive personal change.\nAnd we implemented value creation skills to initiate lasting change.\n\nThat was CIC 1.0 and CIC 2.0, and it was a BLAST!\n\nNow we’re back - and even better than before - with some new faces and fresh ideas to help you develop your creative potential, so you can enhance and transform your business, your community, and your personal life.\nThis is CIC On-demand … we’re ready to ROCK … AND we are always open!\n\nRecommended Readings\nInnovate or Die - Jack Matson: http://amzn.to/14Wed0V\nCENTER - Darrell Velegol: http://amzn.to/17rLzXJ","id":"c8dPVxUQEeWpKw4zIcjkHw","slug":"creativity-innovation","instructorIds":["2631338","2644910","5573781","4347153","4477707","7397048"],"specializations":[],"partnerIds":["51"],"name":"Creativity, Innovation, and Change"}