{"courseType":"v2.ondemand","description":"In this course you will learn three key website programming and design languages: HTML, CSS and JavaScript. You will create a web page using basic elements to control layout and style.  Additionally, your web page will support interactivity. \n\nAt the end of the course, you will be able to:\n\n1. Define the purpose of HTML, CSS and JavaScript\n2. Make a simple web page using HTML\n3. Use CSS to control text styles and layout\n4. Use CSS libraries such as Bootstrap to create responsive layouts\n5. Use JavaScript variables and functions\n6. Manipulate web page content using JavaScript\n7. Respond to user input using JavaScript\n\nIn this course, you will complete: \n2 assignments writing HTML, CSS and JavaScript, each taking ~1 hour to complete\n4 quizzes, each taking ~20 minutes to complete\n1 programming exercise~30 minutes to complete\nmultiple practice quizzes, each taking ~5 minutes to complete\n\nParticipation in or completion of this online course will not confer academic credit for University of London programmes.","id":"HITLfhnoEeWjrA6seF25aw","slug":"website-coding","instructorIds":["1960981","1620951","6059456"],"specializations":[],"partnerIds":["26","303"],"name":"Responsive Website Basics: Code with HTML, CSS, and JavaScript "}