{"courseType":"v2.ondemand","description":"Successful projects do not just happen. They are planned. Understanding what success for a specific project means is part of the plan. Take the opportunity to understand how you will measure success. Does your project require assistance or materials from the outside? If it does, will you know what type of contract will support your success?  When you understand these basics and you know how to identify the risks you face and how all of this information shapes your estimates, then you are ready to consider committing to a schedule and a budget. This course will take you through critical project planning basics so that when it is time for your schedule and budget, you are well informed.\n\nBy the end of this course, students will be able to: \n•\tDevelop two quality metrics for a project\n•\tDifferentiate between fixed price and cost reimbursable contract types\n•\tPerform a basic risk assessment\n•\tEstimate the quantities and costs of resources required to perform project activities\n•\tIdentify differences in three common cost estimating techniques","id":"RpCqbucEEeaH9Q51wS-wDA","slug":"project-planning-1","instructorIds":["29346301","34570496","31085965","36232005"],"specializations":[],"partnerIds":["30"],"name":"Project Planning"}