{"courseType":"v2.ondemand","description":"Sensation seeking is a trait we all have and includes the search for complex and new experiences. Thrill Seekers, people with high-sensation seeking personalities, crave exotic and intense experiences even when physical or social risks are involved. This course helps learners examine the remarkable world of the high-sensation seeking personality and explores the lifestyle, psychology, and neuroscience behind thrill seekers.","id":"Uejan-f0EeaVLRKoA_hS8A","slug":"psychology-of-thrill-seekers","instructorIds":["663147"],"specializations":[],"partnerIds":["23"],"name":"The Psychology of Thrill Seekers"}