{"courseType":"v2.ondemand","description":"This course provides an unique opportunity for you to learn key components of text mining and analytics aided by the real world datasets and the text mining toolkit written in Java. Hands-on experience in core text mining techniques including text preprocessing, sentiment analysis, and topic modeling help learners be trained to be a competent data scientists. \n\nEmpowered by bringing lecture notes together with lab sessions based on the y-TextMiner toolkit developed for the class, learners will be able to develop interesting text mining applications.","id":"05ISI2XaEeadpwpiiuGnhw","slug":"text-mining-analytics","instructorIds":["21047713"],"specializations":[],"partnerIds":["220"],"name":"Hands-on Text Mining and Analytics"}