{"courseType":"v2.ondemand","description":"Market Research is a growing and important field that is used in many industries around the world. Given all the data that is collected whether by organizations, industries, social media, governments, etc., it’s important that someone can review and sift through all the noise to provide valuable insights. And that’s where you come in as a market researcher. This course will only scratch the surface and provide you a foundational understanding of this field.\n\nIn this course, you will be able to define market research and identify some tools used in the industry. You will be able to discuss the importance of secondary and internal research in terms of the planning process. You will be able to define what primary research is and identify the various ways to conduct primary research. You will be able to focus on an actual research plan or proposal for your peer review project. You will be able to compose a response to a request for a proposal or research plan and be able to address the various components of the proposal and package it in a professional manner.","id":"vq2XwnQ-EeWLqw7zlLhRzQ","slug":"research-proposal-initiating-research","instructorIds":["23780048"],"specializations":[],"partnerIds":["83"],"name":"Research Proposal: Initiating Research"}