{"courseType":"v2.ondemand","description":"Aprende un proceso eficiente y efectivo para escribir canciones que expresen tus ideas y emociones, incluyendo una gama de herramientas que giren alrededor del concepto de prosodia; la adecuación de letra y música para apoyar tu mensaje subyacente.\n\n\n\nEsta obra fue financiada con una donación del Banco Inter-Americano de Desarrollo con recursos del Fondo Coreano para la Reducción de la Pobreza. \n\nLas opiniones expresadas en esta obra son exclusivamente de los autores y no necesariamente reflejan el punto de vista del Banco Interamericano de Desarrollo, de su Directorio Ejecutivo ni de los países que representa.\n\nEl Banco Interamericano de Desarrollo no garantiza la veracidad de la data incorporada en esta obra.\n\n\n\nPuedes cambiar el idioma en Coursera de inglés al español utilizando la página de ajustes de tu cuenta. Para cambiar los ajustes en tu cuenta de Coursera sigue los siguientes pasos:\n\n1. Ve a coursera.org\n2. En la esquina derecha superior haz click en el pequeño triángulo invertido que está a lado de tu nombre y foto.\n3. Haz click en ‘Settings’.\n4. Selecciona el recuadro debajo de ‘Language’ (idioma), selecciona español y salva los cambios realizados.\n\nCoursera ofrece ayuda financiera a los estudiantes que no pueden pagar los cursos y necesiten de una beca. Los estudiantes con ayuda financiera podrán tener acceso a todo el contenido del curso y completar todo el trabajo requerido para adquirir el Certificado de Coursera. La ayuda financiera solo aplica al curso en el que se aprobó la solicitud de ayuda financiera. Para aplicar haz click en la opción “Learn More and Apply” (aprende mas y aplica) debajo del menú a la izquierda.","id":"Hm73dlDLEeWeiwqPB940Pw","slug":"composicion-canciones","instructorIds":["1340080"],"specializations":[],"partnerIds":["21","467"],"name":"Composición de canciones"}