{"courseType":"v2.ondemand","description":"This course looks at where important materials in products we use every day come from and how these materials can be used more efficiently, longer, and in closed loops. This is the aim of the Circular Economy, but it doesn’t happen on its own. It is the result of choices and strategies by suppliers, designers, businesses, policymakers and all of us as consumers. \n\nIn addition to providing many cases of managing materials for sustainability, the course also teaches skills and tools for analyzing circular business models and promotes development of your own ideas to become more involved in the transition to a Circular Economy.\n\nYou will learn from expert researchers and practitioners from around Europe as they explain core elements and challenges in the transition to a circular economy over the course of 5 modules:\n\nModule 1: Materials. This module explores where materials come from, and builds a rationale for why society needs more circularity. \n\nModule 2: Circular Business Models. In this module circular business models are explored in-depth and a range of ways for business to create economic and social value are discussed.\n\nModule 3: Circular Design, Innovation and Assessment. This module presents topics like functional materials and eco-design as well as methods to assess environmental impacts.\n\nModule 4: Policies and Networks. This module explores the role of governments and networks and how policies and sharing best practices can enable the circular economy.\n\nModule 5: Circular Societies. This module examines new norms, forms of engagement, social systems, and institutions, needed by the circular economy and how we, as individuals, can help society become more circular.","id":"xPcHhsEbEeaXORK1gIKLbg","slug":"circular-economy","instructorIds":["25473458","2832925","25144587","9249375","25577011","11681227","29320312","25348548","27379669","36786390","25576986"],"specializations":[],"partnerIds":["199","503","535","504","505","506","507","508"],"name":"Circular Economy - Sustainable Materials Management"}