{"courseType":"v2.ondemand","description":"Have you ever wished you knew how to program, but had no idea where to start from? This course will teach you how to program in Scratch, an easy to use visual programming language. More importantly, it will introduce you to the fundamental principles of computing and it will help you think like a software engineer.","id":"-qKIDPnAEeS1QCIACy-KcQ","slug":"intro-programming","instructorIds":["8654857","8654875"],"specializations":[],"partnerIds":["14","250"],"name":"Code Yourself! An Introduction to Programming"}