{"courseType":"v2.ondemand","description":"Ce cours à la demande s'appuie sur la formation Google Cloud Platform Big Data and Machine Learning Fundamentals. Il s'agit d'un cours accéléré, que vous pourrez effectuer en une semaine. Grâce à une série de conférences vidéo, de démonstrations et d'ateliers, vous apprendrez à créer des pipelines de flux de données à l'aide de Google Cloud Pub/Sub et de Dataflow. Objectif : faciliter la prise de décisions en temps réel. Vous apprendrez également à créer des tableaux de bord pour présenter des résultats personnalisés à différents groupes d'intervenants.\n\n\nPrérequis :\n• Avoir suivi la formation Google Cloud Platform Big Data and Machine Learning Fundamentals (ou disposer d'une expérience équivalente)\n• Quelques connaissances en Java\n\nObjectifs :\n• Savoir quand utiliser l'analyse de flux en temps réel\n• Gérer les événements de données avec le service de messagerie asynchrone Google Cloud PubSub\n• Rédiger des pipelines de flux de données et effectuer des transformations le cas échéant\n• Maîtriser les deux facettes d'un pipeline de flux de données : production et consommation\n• Faire interagir Dataflow, BigQuery et Cloud Pub/Sub pour obtenir des analyses et des flux en temps réel","id":"kAa6kaZOEeipIQrH-_6yOA","slug":"building-resilient-streaming-systems-gcp-fr","instructorIds":["22997770"],"specializations":[],"partnerIds":["443"],"name":"Building Resilient Streaming Systems on Google Cloud Platform en Français"}