{"courseType":"v2.ondemand","description":"Advanced Competitive Strategy will introduce new topics and modules with even more real world examples and opportunities for student interaction than in the previous course Competitive Strategy (https://www.coursera.org/learn/competitivestrategy).\n \nIn Advanced Competitive Strategy, we will look at how companies can build up and maintain their customer base by increasing switching costs and facilitating strategic customer lock-ins. We will find out how firms can increase their profits by pursuing suitable price discrimination and product differentiation strategies.\n \nWe will look at examples of what is acceptable behavior under the premises of EU competition and US antitrust policies and discover exciting ways of how companies can increase their returns by strategically making use of network effects and economies of size. We will further intensify our newly acquired knowledge about network effects and discuss strategies that are explicitly tailored to network markets.\n \nWe will analyze the workings of mergers and acquisitions and, moreover, support you in considering alternative strategies that can help companies grow organically.","id":"H3HGeBK4EeS0RyIACp5OCg","slug":"advanced-competitive-strategy","instructorIds":["2573718"],"specializations":[],"partnerIds":["64"],"name":"Advanced Competitive Strategy"}