{"courseType":"v2.ondemand","description":"Volunteer community health workers (CHWs) are a major strategy for increasing access to and coverage of basic health interventions. Our village health worker training course reviews the process of training and continuing education of CHWs as an important component of involving communities in their own health service delivery. Participants will be guided through the steps of planning training and continuing education activities for village volunteers. The course draws on real-life examples from community-directed onchocerciasis control, village health worker programs, community case management efforts, peer educators programs and patent medicine vendor training programs, to name a few.","id":"A--9GrmqEeW6YA7MjVrgzw","slug":"commhealthworkers","instructorIds":["660062"],"specializations":[],"partnerIds":["8"],"name":"Training and Learning Programs for Volunteer Community Health Workers"}