{"courseType":"v2.ondemand","description":"Learn Mandarin Chinese: Capstone Project is a beginner's course of Mandarin Chinese in continuation of Mandarin Chinese 3:\nChinese for Beginners. In this course, learners are required to complete a few tasks of using Chinese languages in simulated real life situations. Some guidance on taking and passing HSK (Chinese proficiency test) will also be provided. By completing this course, the learners will finish the learning of the whole series and be standing at the threshold of intermediate Chinese proficiency.","id":"gILtv3bTEeaGhRIqUFWO8Q","slug":"learn-mandarin-project","instructorIds":["8847624","9605606"],"specializations":[],"partnerIds":["150"],"name":"Learn Mandarin Chinese: Capstone Project"}