{"courseType":"v2.ondemand","description":"Este curso te ofrece desarrollar un modelo de negocio estructurado, con base en la metodología del Canvas Business Model, para crear una propuesta de valor orientada a los diferentes segmentos identificados como mercado objetivo de tu negocio o empresa. \n\nAl terminar el curso, tendrás un modelo de negocio diferenciado, con una propuesta de valor clara a través de prototipos validados con los consumidores. Vas a estructurar un modelo de negocio que te permitirá obtener un negocio diferenciado, viable y efectivo. \n\nObjetivos de aprendizaje:\n\n1. Construir el modelo de negocio en torno a la propuesta de valor. El modelo de negocio es el sistema de actividades que se debe constituir para lograr que el proyecto emprendedor funcione en la práctica. Sus componentes incluyen la definición del segmento de mercado en el que se va a operar; los canales a través de los cuales se va a llegar al consumidor; las actividades, recursos y aliados del proyecto; y las fuentes de ingresos y costos. \n\n2. Identificar los actores críticos que deben tomar decisiones favorables para el proyecto en cada uno de los componentes del modelo de negocio. Establecer una propuesta de valor diferenciada para cada uno de esos actores.\n\n3. Validar el modelo de negocio en contacto directo con los consumidores y con los diferentes actores, cuyas decisiones son importantes para el proyecto.\n\nTen en cuenta que este curso ha sido diseñado como el segundo de cuatro cursos que hacen parte del programa especializado en “Desarrollo de nuevas empresas” (https://www.coursera.org/specializations/desarrollo-nuevas-empresas), cuyo objetivo es brindarte una ruta práctica y accesible para crear y consolidar tu propia empresa, partiendo del análisis de tus ideas, de tus propias habilidades y de las oportunidades que te ofrece tu entorno inmediato. El primer curso del programa se llama \"¿Cómo convertir mi idea en empresa?\" (https://www.coursera.org/learn/idea-empresa/home/welcome), te recomendamos que te inscribas y participes en él si no lo has hecho.\n\nPuedes tomar todos los cursos del programa por separado o sólo uno de ellos, sin embargo te recomendamos que te inscribas y participes en los cuatro, ojalá en el orden que te proponemos, de manera que llegues al último curso denominado \"Mi nueva empresa: los siguientes pasos\" preparado para aplicar los conocimientos adquiridos en los cursos anteriores y lleves tu emprendimiento o negocio a la realidad.","id":"wNpXSI7-EeW93wo8Ha4kow","slug":"modelo-negocio","instructorIds":["3252576","3239255"],"specializations":[],"partnerIds":["273"],"name":"¿Cómo construir mi modelo de negocio?"}