{"courseType":"v2.ondemand","description":"This course will cover the steps used in weighting sample surveys, including methods for adjusting for nonresponse and using data external to the survey for calibration.  Among the techniques discussed are adjustments using estimated response propensities, poststratification, raking, and general regression estimation.  Alternative techniques for imputing values for missing items will be discussed.  For both weighting and imputation, the capabilities of different statistical software packages will be covered, including R®, Stata®, and SAS®.","id":"0HiU7Oe4EeWTAQ4yevf_oQ","slug":"missing-data","instructorIds":["8394050"],"specializations":[],"partnerIds":["32"],"name":"Dealing With Missing Data"}