{"courseType":"v2.ondemand","description":"This is an advanced course for Chinese for beginners.\n\nLearners will expand vocabularies about personal information, daily life, food and drink, healthy, and expressions about greeting, suggestion, agreement, comparison, complaint, prohibition, experience, plan, recommendation, etc. Learners can improve their listening and speaking and know much more about Chinese social cultures. As the same as Chinese for beginners, the course doesn’t ask the learners to know Chinese characters. \n\nRecommended Background: For learners with certain English language ability and better have attended Chinese for beginners.","id":"NuH3s9uFEeWoKQ6POrXqdQ","slug":"more-chinese-for-beginners","instructorIds":["8562621"],"specializations":[],"partnerIds":["163"],"name":"More Chinese for Beginners"}