{"courseType":"v2.capstone","description":"毕业设计项目将综合5门课程所学知识，设计完成一个基于.Net平台的小型软件项目，以验证你是否具备了.Net应用程序开发的基本能力。\n\n项目具体要求如下：\n1. 该系统应该包括客户端和管理端；\n2. 客户端包括以下功能：\n①用户登录；\n②用户注册；\n③菜品订购；\n④购物车功能；\n⑤订单增、删、改、查功能；\n3. 管理端包括以下功能：\n①用户管理；\n②订单管理（增、删、改、查）；\n③菜品管理（增、删、改、查）；\n④统计管理（日销量、月销量、用户订餐细节）。\n\n如果你能够在.Net环境下利用C#语言独立完成毕设项目，说明你已经达到面向.Net框架的初级程序员水平。","id":"iJakw7rhEeWfYA612mWHZw","slug":"net-ruanjian-kaifa-biye","instructorIds":["9299119","16120730"],"specializations":[],"partnerIds":["234"],"name":".Net平台下的软件开发技术毕业项目"}