{"courseType":"v2.ondemand","description":"This course “FinTech Risk Management” help you understand risk management and corporate governance in finance industry with the disruption by FinTech and RegTech. You will become more confident to analyse and make recommendations to develop business strategies balancing the risks in operation, reputation and the stability of finance firms.\n\nYou will learn about new challenges of compliance with financial requirements and government regulations and how you can deal with these changes, strategies in analysing FinTech risk and how operation risks increase in finance industry in this changing environment. As tech firms are now becoming more like finance firms such as Alibaba, Apple, and Tencent etc., you will learn about the importance of IT compliance and assurance and practical skills in dealing with these changes.","id":"RHsxQtoSEeeHwhJGCo5gVg","slug":"fintech-risk-management","instructorIds":["30456493","20086586"],"specializations":[],"partnerIds":["35"],"name":"FinTech Risk Management"}