{"courseType":"v2.ondemand","description":"An overview of the ideas, methods, and institutions that permit human society to manage risks and foster enterprise.  Emphasis on financially-savvy leadership skills. Description of practices today and analysis of prospects for the future. Introduction to risk management and behavioral finance principles to understand the real-world functioning of securities, insurance, and banking industries.  The ultimate goal of this course is using such industries effectively and towards a better society.","id":"SgcGB0YOEeemlQrrzf9X-A","slug":"financial-markets-global","instructorIds":["3543921"],"specializations":[],"partnerIds":["109"],"name":"Financial Markets"}