{"courseType":"v2.ondemand","description":"¿Qué son las políticas públicas? Son la plasmación más concreta de la política. Lo que los gobiernos hacen, y dejan de hacer, para hacer frente a los problemas colectivos. Este curso trata sobre cómo se decide qué problemas abordar y qué soluciones adoptar. Un proceso primordialmente político y social que suele escapar al análisis puramente racional.\n\nA lo largo del curso analizaremos por qué algunos problemas adquieren la categoría de problemas públicos mientras que otros no llegan a captar la atención, describiremos la pugna política que suele haber tras la descripción e interpretación de los problemas, identificaremos el complejo entramado de actores dispuestos a influir en la adopción de las políticas públicas, y cómo las discrepancias se suelen extender más allá de la toma de decisiones y hasta la aplicación práctica de la política pública. Trataremos también sobre las grandes dificultades que padecen gobiernos y actores sociales para llegar a saber si las políticas que se llevan a cabo son realmente útiles y cómo aprender a mejorar su rendimiento.\n\n Los objetivos de este curso son:\n1.\tMostrar a los alumnos un número de casos reales que ilustran la complejidad de los procesos de adopción de las políticas públicas, y cómo estos procesos pueden ser incoherentes con los modelos racionales de toma de decisiones.\n2.\tTransmitir a los alumnos los fundamentos e instrumental del análisis de políticas públicas para que puedan afrontar creativamente problemas del mundo real.\n3.\tContribuir a que los alumnos sean ciudadanos conocedores del funcionamiento de los sistemas democráticos.\n\n\nPor ello, el curso se dirige a todas las personas interesadas en los problemas colectivos, así como a aquellas que quieran convertirse en participantes influyentes en el proceso de formación de las políticas, ya sea como analistas, funcionarios públicos, trabajadores del tercer sector, o como ciudadanos comprometidos en causas políticas. También se dirige a estudiantes que se dispongan a iniciar estudios de grado o postgrado en administración pública, gestión pública o análisis de políticas públicas.","id":"7mVd2Bh8EeWiMA6gO89JYQ","slug":"democracia","instructorIds":["7575382","2402351","6733856","6724257","6732953","6735813","6723758"],"specializations":[],"partnerIds":["80"],"name":"Democracia y decisiones públicas. Introducción al análisis de políticas públicas"}